State Name,Hotel Price,Self Allowance,Travel Price,Food Cost,Total Cost
Goa,9660.591412418062,4432.646776125364,10730.81562027015,11258.335007611637,36082.38881642521
West Bengal,5260.532734356835,2144.168671997347,7111.716323086231,4619.59005325029,19136.007782690704
Kerala,6983.254119384461,2342.513455530517,11887.067020573766,6707.667138624534,27920.501734113277
West Bengal,6689.9975247091825,2024.216950469775,4950.538248918638,7407.845783896483,21072.598507994076
West Bengal,5828.954537253594,3913.0027965989602,7962.975581441917,5778.14568107973,23483.078596374202
Rajasthan,4762.695214571307,3975.016718918014,14263.190350236955,12568.210100559212,35569.11238428549
Kerala,6381.441800834065,2906.5028170041282,11662.209556921325,11231.181606388356,32181.335781147875
Kerala,6533.575231914279,2793.0711625753106,11760.813626432682,12384.970445595642,33472.43046651791
Kerala,5620.65335651193,2899.406459491699,9128.757832328833,7317.695872652897,24966.513520985358
West Bengal,5945.776942498891,3549.3070623623635,8886.539539957517,9818.341796787863,28199.965341606636
Goa,9671.835073845075,4322.7412221408285,17573.102071344387,10449.870958332463,42017.54932566275
Kerala,8127.842564533882,2570.3911357349357,6970.028617421772,7932.631567196282,25600.89388488687
West Bengal,4803.357485616529,2348.2186706681687,6384.50053233985,4302.097161816119,17838.173850440668
Rajasthan,4566.190229203777,2696.7912994267945,12746.649402976032,6369.356805017218,26378.98773662382
Goa,9924.205994811673,4320.605439402676,12473.403158190833,12536.090047573238,39254.30463997842
Rajasthan,8194.490432229672,4028.745324443472,12124.921468391098,9205.502961038195,33553.66018610244
Goa,5623.313406016334,3530.092856650008,16666.00479046619,8812.173008288846,34631.58406142138
West Bengal,6683.36753046949,2041.8899220618257,4813.498719042829,7683.821837951396,21222.57800952554
Sikkim,7349.481810310642,2164.3433349528545,7825.426562263781,6770.006827750778,24109.258535278055
Goa,7594.19028563036,4935.720069690061,17716.269109786077,11621.05403475538,41867.233499861875
Rajasthan,6956.377178724646,3090.8895549548406,10991.165316287535,8514.461228878832,29552.893278845855
West Bengal,4596.010815480521,3538.4462956762673,4060.515583880537,8941.313359670914,21136.28605470824
Goa,5273.808194110156,4249.3271377085275,10090.384690792922,13565.569286134234,33179.08930874584
Sikkim,4675.986208229505,2763.879279305792,6785.146719850061,8341.45278685681,22566.464994242167
Sikkim,7014.267242990058,2411.3745243911103,9630.970342158911,7455.733765345109,26512.34587488519
Kerala,3523.1601150230144,2442.772836318813,7372.060677621653,8037.918575913662,21375.91220487714
Kerala,5167.495858455721,3430.025936077733,9806.182133230122,11140.001679677525,29543.7056074411
Rajasthan,5990.843467954716,4049.2675612755756,8776.606965546565,8297.256379583283,27113.97437436014
Goa,7686.978014689615,4287.808507082262,13216.699896595486,8672.47498965477,33863.961408022136
Goa,9599.278082063804,4060.6042664983165,18480.42089601484,7677.506735002455,39817.80997957941
Kerala,5231.729971829806,2283.9024468632724,10373.168653619681,8766.851846190859,26655.65291850362
Goa,6734.766009481138,4936.977555188768,10953.992773132106,10857.056791358735,33482.793129160746
Goa,8687.506240548742,4597.4283833091495,14287.020209864335,13727.269683223258,41299.22451694548
Sikkim,5261.089704449036,2585.6440734019297,5145.848818226323,6548.670875122448,19541.253471199736
Kerala,4623.02411469991,4159.940658717702,8885.340879618054,8166.938915678799,25835.24456871446
West Bengal,4809.7580645307735,3203.7631792726443,7312.17005850534,8850.434433362145,24176.125735670903
Kerala,4204.2851018989995,3364.845316414493,6711.01574158891,11265.365275242813,25545.511435145214
West Bengal,3705.5479460248935,3496.146358859064,5444.424694545828,6307.66645587261,18953.785455302394
Sikkim,5491.838863697399,3623.539576180275,6989.183127510785,8213.868163006766,24318.429730395226
Rajasthan,6094.62724752274,3812.9572146630053,14356.248197248398,8123.001235944981,32386.833895379124
Goa,9574.2295053405,3256.1914927324,19932.55015422964,14460.439027354496,47223.41017965703
Sikkim,4811.969495583166,2676.5350119889968,5224.556494978079,5830.506360191062,18543.567362741305
Goa,7902.941751390217,4856.167280652099,17610.07923495392,14469.99538401176,44839.183651007996
Rajasthan,7161.321439597652,2949.2312236877037,9973.792531218745,10787.065162847402,30871.410357351502
Rajasthan,4065.4722829416683,3244.334047675027,10139.66548983584,9721.005068807119,27170.476889259655
Sikkim,6317.686860083553,2864.1537658883917,8771.324866735114,5228.613425491471,23181.77891819853
Rajasthan,4890.179834348757,3378.809979388904,14347.411457163269,9329.173342754058,31945.574613654993
West Bengal,6844.281269877821,3225.879164989051,8754.642972512742,6446.488630016394,25271.292037396008
Rajasthan,4743.313638765565,4386.1516754894155,11616.980688306567,7128.531683825858,27874.977686387407
Goa,7073.120618635119,3481.38542366501,13571.211593005028,12251.276828005255,36376.99446331041
Goa,5426.748340393219,3243.002752601836,17875.490858587793,14769.207258946286,41314.449210529136
Goa,9984.371259229738,3394.9409797198746,12510.013832623003,11497.5104885162,37386.836560088814
Goa,7510.975051656213,4773.8498004185385,15640.740288335179,12718.026211551565,40643.5913519615
West Bengal,5381.540069280175,3291.621625310412,5792.892307624366,4410.702715396101,18876.756717611053
Kerala,3835.3823869421376,2771.8135784783203,9939.786442247256,8423.668970718963,24970.651378386676
Sikkim,6749.802351995889,3631.8938779372347,6201.9945644675345,5814.509396151471,22398.200190552132
Goa,6049.527965477929,4722.7399927268725,11915.929457348258,11902.366684292083,34590.56409984514
Rajasthan,8490.27144720357,4193.0286773805565,14345.912693403498,12569.375107499083,39598.5879254867
Goa,6025.698202410036,4837.853067279109,11018.03682949537,12294.221859773108,34175.80995895762
Rajasthan,4953.438603318333,3004.4820403467234,11047.663261879454,6537.621338200951,25543.205243745462
Rajasthan,4182.748339240475,4010.0838574925565,8766.82226370407,8482.66343489558,25442.31789533268
Goa,7360.334725549996,3921.07899454828,10389.299633256674,11405.307035526812,33076.02038888176
West Bengal,5259.364533050466,3683.997105780123,4180.094091457132,6419.246536799514,19542.702267087236
Rajasthan,4328.543197141762,3956.9813543232267,8401.774176846619,11835.508073326208,28522.806801637817
Rajasthan,7877.638083475053,4052.8948929994494,13934.162836048003,11702.697032969925,37567.39284549243
Goa,7266.444173740138,4312.323675362143,12824.787439770267,11894.64816082577,36298.203449698325
Rajasthan,6621.9513466379,2854.8575389394136,14603.673364602366,8614.205615928937,32694.687866108616
Rajasthan,6203.813734691141,3590.0538377938765,11652.978343913548,7787.354616342709,29234.200532741277
Goa,7003.81530437663,4969.3394790490165,14366.141897687661,7846.994545705034,34186.29122681834
Goa,7798.2016565410895,4874.776132994238,15800.888346694546,9839.181467892433,38313.04760412231
Sikkim,3776.2012296535627,2086.3474715940233,7583.491926131339,7892.207620454037,21338.248247832962
West Bengal,3727.7125219810846,2329.6296314588744,7793.881268786626,8054.937550624441,21906.160972851023
West Bengal,6447.142484054069,2263.4575469091237,5412.480329864262,7948.958945785441,22072.039306612896
Rajasthan,8730.577310668163,3951.959819970591,9824.40313280242,6490.756977488799,28997.697240929974
West Bengal,4493.237265119012,3635.57065971389,8470.471512666254,6371.555892586946,22970.835330086105
Rajasthan,5353.723365717769,2927.022732621344,14571.652105203244,7272.452070521534,30124.85027406389
Sikkim,6219.997716195079,3011.7053859036578,9462.791137432372,6097.68893721764,24792.18317674875
Goa,7043.670855490482,4681.4060560224,14194.479939573135,13618.417197897968,39537.97404898399
Goa,5126.931778301724,4465.603089532501,17803.655030068818,7335.32173373006,34731.511631633104
Goa,5780.762986830952,4084.4744109836965,14763.357333010987,10353.463007216971,34982.05773804261
West Bengal,5863.888915389591,3180.6953809175457,6487.699260730511,5009.221934599109,20541.50549163676
Sikkim,6294.619709550757,3016.7210938325597,6023.400545286419,11155.311509749317,26490.052858419054
West Bengal,3108.383970013934,2595.096902637641,6955.6515162925825,7342.24307965021,20001.375468594368
West Bengal,3887.888647731798,3130.043985718032,4930.67948876674,5388.2838182610885,17336.89594047766
Sikkim,4155.373982940357,3377.770604100181,6657.823495335969,8516.991010164635,22707.95909254114
Sikkim,6359.463717993642,3746.6458317216157,9275.151008099676,10120.404517921812,29501.665075736742
Sikkim,3098.5526887718206,3272.582707958496,6035.379046054276,11706.826062436037,24113.34050522063
Sikkim,3520.542909922869,3522.243074086316,5355.791425867164,6543.1220297179325,18941.699439594282
Goa,8999.580426865947,3320.143269909146,10690.075926128164,14089.45417703476,37099.253799938015
Kerala,4392.723310271668,3123.11494883958,11644.707123018648,12040.128799172431,31200.674181302325
Kerala,6763.7305392593735,2218.663239654187,9041.522627771008,11914.943811724464,29938.860218409034
Sikkim,4190.913905233632,2493.357729043246,7047.0603590850915,9447.900498033368,23179.232491395338
Kerala,3997.2069637967256,3652.9234302260097,10865.27148604751,9908.744581042953,28424.1464611132
Kerala,4715.860954997271,4183.619902698727,11014.955567463097,8322.47443228676,28236.910857445855
Sikkim,6611.334659278296,2198.356199174432,6660.955165578023,10266.785176126516,25737.43120015727
Kerala,7778.482340531429,3002.9886317225764,10161.708344842771,9219.058128456523,30162.237445553303
West Bengal,6320.879458267967,3600.141937398319,7855.614079259432,8064.628427369767,25841.263902295483
Rajasthan,5985.917648092274,2908.0712692577977,12237.205494927635,8999.205326941568,30130.399739219276
Rajasthan,7340.425682853231,3610.169898604572,8212.760598400795,11120.475248301973,30283.83142816057
Sikkim,4024.921477079105,3466.1425920593497,9379.415417585285,10771.300623231844,27641.780109955584
Goa,6465.738651305066,4231.970900520359,15390.945527360087,8171.490052822529,34260.14513200804
Sikkim,7481.679092605599,2376.049469230832,6412.362131850018,10830.508009019595,27100.598702706044
Goa,5065.00961755368,3710.769137371479,14252.281854376939,11322.372254322458,34350.432863624555
Rajasthan,4427.542654272341,4067.5835689707947,7300.568723191259,11912.66136363157,27708.356310065967
Sikkim,4039.431275730137,3108.4530282640335,5639.334006112088,8019.111944387102,20806.33025449336
West Bengal,3106.128815495279,2010.4592270858254,7827.733752579305,6274.24291229821,19218.56470745862
Kerala,4407.177175448986,3721.981520056188,6000.0698085321965,11905.425127620558,26034.65363165793
Goa,7915.207804848461,3070.622709880478,14165.658284822923,9009.354140387211,34160.84293993907
Kerala,5607.12275296249,3691.4675654624643,9135.061086513531,11409.486277003001,29843.137681941487
Kerala,7963.358555384874,2604.961120330475,6327.806520005834,8888.144007565828,25784.27020328701
Sikkim,7087.217808692205,3916.1469602387606,9865.390814861665,8598.668097858817,29467.423681651446
Kerala,5209.08675848938,2935.881502604169,7356.751987498032,7659.2779704263885,23160.99821901797
West Bengal,4037.69373372517,2653.863232676158,5520.993598181404,7438.253203714094,19650.803768296828
Kerala,5398.462040836334,2497.7761006648893,7823.655073530164,7776.47837393348,23496.371588964867
Sikkim,5951.474712574039,2611.2084309804295,6152.08331058675,5274.885899691566,19989.652353832782
West Bengal,4072.2545632915053,3753.301523656401,4007.369110431557,5631.991632066136,17464.9168294456
Rajasthan,7120.74453924567,4492.668675254495,12834.758352703971,6044.653303846135,30492.82487105027
Kerala,5547.0582609562025,2936.6190610136964,11801.072998795713,12348.483509397996,32633.23383016361
Sikkim,5760.235904259901,2897.221261909085,6121.467416425226,11760.230468738231,26539.155051332444
Rajasthan,6180.632645676584,3944.1418764054742,12304.377534427378,8766.087082306136,31195.239138815574
Rajasthan,5472.328797709588,4272.391560930149,12935.170615669722,11098.595980377522,33778.48695468698
Goa,9742.266534810784,4186.088668373568,18484.253790905248,9766.4487872834,42179.057781373
West Bengal,6054.423176639044,2783.0513963556587,6113.145985068046,8026.558942515856,22977.179500578604
Kerala,4200.565878832263,3025.2436816972477,7817.585433842575,11138.010301321854,26181.40529569394
Sikkim,7342.339879489564,3391.2362929936135,6626.4756701151555,11627.293712845685,28987.345555444015
Goa,7437.155991247568,3006.4365272085574,17126.213330985127,10201.698206797377,37771.50405623863
West Bengal,6578.208907576365,3239.1786749196813,8083.89733252818,8699.787897736285,26601.07281276051
Goa,8999.276279736576,3710.986020882715,11816.139677566027,9127.42760505695,33653.829583242274
West Bengal,4700.8540178769335,3588.3946625541685,5854.7050407888255,9941.993822761891,24085.94754398182
West Bengal,3089.8772332804697,2185.9812796462643,8509.70098374575,4154.617592586107,17940.177089258592
Kerala,4843.38679692473,3376.404533896781,10840.161118168435,9724.701645507846,28784.65409449779
West Bengal,5166.536858643468,2961.9457797722475,8924.292013812379,7957.035889907963,25009.810542136056
Goa,8167.391099130737,4284.651051810455,17542.48259682081,12504.36445659303,42498.88920435503
West Bengal,4031.550741732809,2129.707188965937,5965.9760051396115,4722.325472734534,16849.55940857289
Kerala,4196.78037036412,3359.9675748562627,9543.827003967826,12069.708484311912,29170.28343350012
Kerala,7674.651183996496,3322.9691759190473,9966.085525483923,6768.282953350579,27731.988838750047
Goa,9922.01090351776,4121.320188832342,10784.55816317124,11982.02722591873,36809.91648144007
Rajasthan,6628.45091151343,3706.9753331929096,11355.97567283092,7558.732553861595,29250.134471398855
Rajasthan,4858.396429241518,3852.9358744527244,12674.566627780878,8150.514919148896,29536.413850624016
West Bengal,4089.2293060774755,3609.9779993615393,4836.606520005302,7278.751250368747,19814.565075813065
Sikkim,3091.953382737334,2539.6414402564287,8903.158587127786,7920.353929952035,22455.107340073584
West Bengal,6657.195226241996,3650.098820360124,6918.863902570558,4961.353605859038,22187.51155503172
Goa,5588.755414450706,3996.5113645269075,19522.21785697595,8367.491219366786,37474.97585532035
Goa,7882.582377571268,3154.116558268662,10424.222982068917,10345.158305302397,31806.080223211244
Goa,6370.27610343603,3117.1018584879585,12653.26137555467,13058.263826204005,35198.90316368266
Goa,7770.890012578967,3668.4766373921216,16015.53879299824,14183.717174782309,41638.62261775164
Goa,8257.101941759322,4569.793954222935,12965.599122059306,7673.021298075063,33465.51631611663
Kerala,7648.709018536008,3615.3618694818315,10286.544984427454,8251.727352915808,29802.3432253611
Rajasthan,5032.106358803016,4077.229929344813,13072.042260175447,6701.718946060137,28883.09749438341
Goa,5054.979143292402,4034.5381128832187,11025.159640664744,7132.739845060783,27247.416741901146
Sikkim,3684.428150344036,2880.397995910981,7569.272321033839,9632.030778507697,23766.129245796554
Sikkim,7500.0932092405255,2294.905053412568,7544.452777955279,9217.146093766114,26556.597134374486
Sikkim,7369.450387812576,2656.385507218623,6846.403851077705,6141.133796704204,23013.37354281311
Sikkim,5987.065510851542,2868.0387323477507,9664.62431284836,6636.689831651449,25156.4183876991
Kerala,6502.584302168267,2377.2008593592345,10965.037919239327,5665.954275511629,25510.777356278457
Sikkim,6325.183372731277,2441.2239054224224,8486.046909548184,10844.630439860826,28097.084627562712
Goa,5876.856393117248,4196.450588127478,17143.266357349974,14797.524768388412,42014.09810698312
West Bengal,6657.647783699839,3471.3262284783796,6308.580719065596,4812.757220768145,21250.311952011958
Sikkim,5093.852624460365,3996.6950227858993,9604.972605482879,6620.326496357087,25315.84674908623
Kerala,5415.692641247488,4066.226662687115,10167.572563519712,11578.86666762854,31228.358535082854
Kerala,6094.588526414187,3485.1303990703827,10373.886369934899,11985.246585693294,31938.85188111276
Sikkim,3234.829833875275,2842.496106588144,9308.454518936727,7937.391679647672,23323.17213904782
West Bengal,3665.1334750243177,3272.3547294164655,5370.357946710955,4303.734833614445,16611.580984766184
Sikkim,6690.168082131852,3571.3032361604637,9035.354519333516,5275.7428358497355,24572.568673475565
Kerala,3913.9933396256324,2436.6723818467744,7171.4436177389525,9517.649062483073,23039.75840169443
Rajasthan,7015.760547331941,3319.8097793925763,9762.735617959102,8750.265762252253,28848.571706935872
Goa,6226.745548406605,4679.604571271235,13356.104542698427,7229.219420621236,31491.674082997502
Kerala,5446.478070209882,2967.6659038660882,11871.152810334843,9582.766746187897,29868.06353059871
Sikkim,4443.4686838535,3143.744542454373,9282.686118739635,5079.117756123157,21949.017101170666
Goa,6778.363582324746,4175.538721724397,17011.6986159026,13298.975665194183,41264.57658514593
Sikkim,6595.229525921228,2368.9525062672787,8635.28380807695,7145.029758923602,24744.49559918906
Sikkim,4485.608578115875,2724.470883304577,7810.363972012856,5281.8060210646245,20302.249454497934
Rajasthan,6832.023201484486,3169.0225774838646,14576.725336868152,10118.465546882073,34696.23666271858
Goa,7380.2520109954985,3052.3934170641296,14962.587528823617,10181.475315464439,35576.70827234768
Goa,8318.35582681324,3048.3835277827106,13805.177098698945,14790.403306857195,39962.319760152095
Rajasthan,8684.14869662379,4163.394087351547,8304.282695452728,9809.390637525916,30961.216116953983
Kerala,7162.860486051251,2746.141619945625,10717.233913566348,7426.674267259058,28052.910286822284
Sikkim,4074.7018929537835,3036.157532477631,8672.219660377958,9966.072052437823,25749.151138247194
West Bengal,3124.732540245139,2597.451147177546,5921.775192620675,5628.952015256268,17272.91089529963
Sikkim,4311.320221499125,3881.358490230681,5125.9670697961465,11329.703039852957,24648.34882137891
Sikkim,5975.389653501274,2518.5935177315478,9194.986638590053,7623.053793551635,25312.02360337451
Kerala,3757.129067421252,3059.31362547787,6068.507900724442,9349.079939433437,22234.030533057
Sikkim,5481.831236006182,3745.4605009692036,8518.498898145255,5354.011726769602,23099.802361890244
Rajasthan,6984.214244584446,4183.867133583617,14762.056877808456,8982.848665665615,34912.986921642136
Rajasthan,5671.219454084804,2872.202835692555,10501.290625185628,11826.544777626965,30871.25769258995
Goa,8854.56101872911,4605.286619591421,12349.734049959527,13445.190442906736,39254.77213118679
West Bengal,3426.393012535087,2916.373773475785,7524.355050216909,5345.911353121158,19213.03318934894
Sikkim,3375.688908679044,2965.93774417071,9085.640710077925,6582.553497073939,22009.82086000162
Sikkim,6640.943781018017,2266.9599448318877,7732.151580389236,10721.137185492658,27361.1924917318
Kerala,5977.456581030992,2361.2030275142492,11802.211651536876,12012.788941185278,32153.660201267394
Rajasthan,7442.01198213868,3955.8786139475305,7413.349773263689,6667.526448911025,25478.766818260927
West Bengal,4739.309354414985,2992.9223047105997,6523.977991522641,6700.351836557351,20956.561487205578
Goa,6232.010166195534,3873.7014052303593,17184.5394732255,9699.634231713831,36989.885276365225
Rajasthan,8095.511588370999,3959.016457304793,13901.123769193433,12094.819188202076,38050.4710030713
Goa,8997.079394844895,4531.02579798222,11792.5561190779,7668.1993174401505,32988.86062934517
Kerala,6973.482354272133,2517.816335338707,10800.020890582087,6977.881597906262,27269.20117809919
Kerala,4860.725686149814,3420.4502989552825,9316.242454311272,10767.27836310546,28364.69680252183
Sikkim,5951.153334345436,2270.7081645553712,6982.7684099498165,5359.056942868509,20563.686851719132
West Bengal,4443.895587760107,3502.7501720580913,4658.575142895468,6955.212284285735,19560.433186999402
Goa,5457.91036663317,4313.910312534279,18652.957589089125,10536.85627743776,38961.63454569434
Rajasthan,8586.567877311214,4413.229242166915,8258.185665437722,8340.80825292124,29598.791037837094
Kerala,4184.093154594807,2337.9160327128425,7858.727155254595,8262.006207232465,22642.74254979471
Sikkim,7751.1867691040125,2114.109442302509,6450.227659812184,8709.58410851163,25025.107979730336
Sikkim,5230.028864789779,2564.3741493864004,9357.070170954272,6129.571508718682,23281.044693849137
Goa,5925.664644193098,3523.411367471812,16727.02994208898,11575.967026268743,37752.07298002263
Kerala,6209.504736891791,2693.957598144,10780.088383148235,11138.026305099904,30821.577023283928
West Bengal,6491.783343505633,3812.509161042073,5252.339493962495,8560.965578740954,24117.597577251156
Kerala,7161.124432047805,2699.0923996990123,9749.244597641993,6577.299332856415,26186.760762245223
Goa,9032.805739307249,3543.899452257262,15717.459831437487,8193.99575793179,36488.16078093379
Goa,8293.916833553587,4518.796524835927,18328.30376788271,9145.394941959306,40286.412068231526
Kerala,6961.382822589262,3099.47968490108,11436.522362887563,8027.5230843872605,29524.907954765167
Goa,9245.978257826597,4553.421113910363,10121.567714773868,10267.644651267861,34188.61173777869
Kerala,4748.34004429593,2330.7323151287706,10044.119514352757,10257.880517833417,27381.072391610876
Rajasthan,6447.124818215702,3475.1423873467684,7414.686392957832,6396.763025160848,23733.716623681154
Kerala,4606.047209098011,2267.2272003665653,9293.151990464135,5742.708929582464,21909.135329511177
Kerala,8438.340039983235,2325.306406910709,7725.79637426207,8243.373940607364,26732.81676176338
Goa,9720.296698433067,4812.874906688822,13067.765995221413,12577.309537103843,40178.24713744715
Goa,5197.134056842529,3278.4907422351903,13529.585034523567,8547.48274365186,30552.692577253147
Sikkim,6527.875862578442,3064.8413645504343,8106.462245248051,9490.531368793763,27189.71084117069
Sikkim,7626.241587078329,2822.191205201413,6670.249828343846,6818.796965582096,23937.479586205685
Rajasthan,4902.876725636667,3194.6866525176856,12861.592404722243,12202.602761694616,33161.75854457121
Sikkim,5839.726152763147,3799.666691374545,7022.636927869348,11269.829609866316,27931.859381873357
Kerala,8077.441487940209,2243.646793550979,6410.119201859752,7581.010429969285,24312.217913320223
Goa,5169.729892928995,4327.579372351178,17837.59842484107,8839.950031705925,36174.85772182717
Sikkim,6487.1013362342,3926.788868427101,6428.79162296353,7879.127804463618,24721.80963208845
Sikkim,4486.745036862754,3120.336366923684,7163.834397996314,6683.721096261041,21454.63689804379
Rajasthan,8621.980976882653,4373.644924066184,12483.551065775213,10706.686903041926,36185.86386976598
Rajasthan,8855.291225826839,2604.5157585720476,9659.649257189696,11782.452791837999,32901.90903342658
Kerala,8221.33244556717,3037.586638148323,6339.513936880294,10211.644916378518,27810.077936974307
Goa,7371.071083287319,3520.3155819241024,13739.210470128135,13594.803577994797,38225.400713334355
Rajasthan,8310.213254946568,3961.6419299614595,14555.588661554428,8778.945135452319,35606.38898191477
Sikkim,7222.746992675352,3962.5941809944934,8208.67198649279,6094.218794962026,25488.231955124662
Goa,6595.5023662162785,3513.0601248884955,16714.791486672068,12903.607579180738,39726.96155695758
Goa,9144.577370753386,4308.3492029481495,16322.8215363764,9883.796041132431,39659.544151210364
Sikkim,3185.038173577463,2396.19526551948,5994.960694797184,9698.895776603928,21275.089910498056
Rajasthan,6981.349392410266,3630.6605091432198,10346.670912818241,7894.507593872359,28853.18840824409
Sikkim,4150.044186438516,2927.8649733766724,8754.698991816591,5568.607443646709,21401.21559527849
Goa,5602.834428886394,4944.010659263075,11013.72897553159,14940.654363902107,36501.22842758316
West Bengal,3307.8128065168366,3217.054545392933,5389.263880448561,4937.209047583596,16851.340279941927
West Bengal,5785.155103512559,2699.0127441736377,5381.595542329268,9930.525963780885,23796.28935379635
Kerala,5199.374818840331,2428.191569775867,8592.113565567037,12340.959527965131,28560.639482148363
Sikkim,6623.833857643807,2302.493657469869,9901.843704710926,10556.726727356277,29384.897947180878
Sikkim,3326.7817039947117,2450.6338599024702,5337.512733419109,9615.960734573982,20730.889031890274
Kerala,5076.451689153051,2701.933322680596,9112.20596628357,9544.649351757593,26435.24032987481
Kerala,6197.456461876686,3901.2321156822754,7076.188092073263,11562.710817644842,28737.587487277066
Kerala,7453.615824194818,3322.44557656505,11824.059272458464,7526.076651336416,30126.19732455475
Goa,6593.76251466035,4046.781822748733,11133.035047274641,10741.449699879016,32515.029084562742
Sikkim,6129.456882185045,2229.537743738435,7018.005011807956,9335.729785565512,24712.72942329695
Goa,9429.888741180936,4720.27938669887,17378.84984834606,10289.52380695593,41818.5417831818
Kerala,6579.315940911523,3645.628606416967,10227.326568164672,8492.405178631876,28944.676294125034
Sikkim,4164.797373768169,2135.3367238000033,7113.643184469662,7311.992672514591,20725.769954552423
Goa,5122.0039077826905,4415.670194459537,13465.241679527182,11513.85453347629,34516.770315245696
Goa,9350.49436950465,4087.076434685292,13976.123785528705,13804.596224120927,41218.29081383957
Kerala,3606.347054251936,2363.4506914935564,7585.657578951836,6910.698646044189,20466.153970741518
Sikkim,7373.508363420997,2916.6012830573127,6026.6646935339995,11541.031271274089,27857.8056112864
Kerala,6144.685670136059,3169.392574260094,8898.23818535334,10323.613576237607,28535.930005987102
Sikkim,7695.3384925644805,2331.5490803265516,6342.668780338036,10762.912488760212,27132.46884198928
West Bengal,6195.132943094662,3891.396294000565,5437.30832448625,7337.14415578007,22860.981717361545
Rajasthan,8989.670552666688,4199.950742961324,12254.048507796457,11456.616909968445,36900.28671339291
Rajasthan,5753.559077258551,3838.0446746582165,14748.298653599137,6113.4027813762705,30453.305186892172
Rajasthan,7835.941444655635,3424.5911220012144,11829.097604475,11728.662973456747,34818.2931445886
Kerala,5509.654568046211,3023.531083169017,6461.876802389797,5780.972013597566,20776.03446720259
West Bengal,4919.502481215635,3301.946934301908,4377.918069270335,9339.480258177175,21938.847742965052
Sikkim,6137.5273160918505,3090.863738813811,9757.116104227829,11943.739230670504,30929.246389803997
Goa,9368.385570931694,3124.546211763771,12972.907903073337,9352.539697414222,34818.379383183026
Sikkim,7920.417345996476,3025.0052975406634,5460.334930412377,6472.229894000556,22877.98746795007
Goa,8841.36706932259,4612.807234465679,15990.445871503816,13122.906910864325,42567.52708615641
Sikkim,5088.833910836669,2918.4797551939164,8118.2438914513305,6771.184386441772,22896.741943923687
West Bengal,4685.428009108281,2103.913155108537,7242.52410059344,9193.374299033221,23225.23956384348
Goa,8687.911507944456,4572.556398768066,12674.020278575414,7822.740737259814,33757.22892254774
Kerala,4693.885728841512,2602.7275642719487,6090.66410528685,6381.686374655508,19768.963773055817
Sikkim,3552.370565656973,2517.2416697760773,9825.07684727236,11854.060885704308,27748.74996840972
Sikkim,4773.110788203883,2329.4127068645917,6254.465228455512,9716.872287890033,23073.86101141402
Goa,6436.194958270409,3660.430129742995,16760.262880525475,13775.097795431622,40631.9857639705
Kerala,4981.540602279951,3713.50301137727,10239.779219272257,7770.305641460626,26705.128474390105
Kerala,4668.0387552495495,3238.7717190078747,9660.044502476914,10235.38624664423,27802.24122337857
West Bengal,3168.3727585454476,2409.7625483014253,5564.536971068241,7565.450963851583,18708.123241766698
Kerala,3589.369673667069,3955.6601563040817,7626.5775225843945,9722.05084086063,24893.658193416173
Kerala,8438.611948680158,3959.1637099030586,9586.009696216219,10277.727216764051,32261.51257156349
Kerala,5638.865668679311,3941.156850092014,11196.573801670149,9527.51421190369,30304.110532345163
Rajasthan,5921.633235798408,2977.5924227630785,14573.869831387165,9003.436585118661,32476.532075067313
West Bengal,5718.5891307722795,2902.4786883619763,4529.529022018788,5655.536166283281,18806.133007436325
Sikkim,4091.269439325321,3969.97931228175,5774.143062988599,10380.069316392415,24215.461130988086
Goa,9749.805919751127,4544.0249526199805,19447.362587830794,8810.17944002549,42551.37290022739
Sikkim,6931.72507207776,2054.3348424511196,8682.676141673963,9846.480143080898,27515.21619928374
West Bengal,3357.644009249038,2130.409182520984,8414.969124148865,5399.99693589596,19303.019251814847
Goa,7087.903878924642,3927.8627536246654,12026.326341353431,12002.641359635632,35044.73433353838
West Bengal,6516.473230248659,3818.4404117231206,6937.929355547009,8482.469602774174,25755.312600292964
Kerala,8223.660111457051,3277.403595905428,10206.83756650484,7030.997222345774,28738.898496213093
Goa,7337.007556249348,3995.6250160685804,16801.118854469725,7479.546406890467,35613.29783367812
Kerala,6567.056946053539,2410.947399913261,8448.910145200189,6416.816200959219,23843.730692126206
Sikkim,3835.1697304603763,3313.560209448588,5076.974458456542,9241.978770897178,21467.683169262684
Sikkim,7955.843130684882,3644.206321200451,7914.630284021316,10946.12484358015,30460.804579486798
Goa,6158.358506917217,3760.8400150151247,12531.015391796087,7359.974569883395,29810.188483611822
Goa,9713.658870675628,4551.223701850655,14502.542461428904,12873.21007233317,41640.635106288355
West Bengal,5598.586595969474,3928.953307801623,8787.905075419087,6047.9118757003125,24363.356854890495
West Bengal,5430.947179515437,2407.5329182553783,5995.176588212174,6871.170219517135,20704.826905500122
Kerala,6063.442555082544,3246.6592623894826,11038.80963998656,12002.01684891896,32350.928306377547
Goa,6153.349058588794,3574.275916169151,11885.406057492512,9655.772037886763,31268.803070137223
Sikkim,3882.6401600275412,3585.7088380676787,8362.302490125145,8257.358537576401,24088.010025796764
West Bengal,3881.9448362807016,3155.186731762315,8885.034772194718,4082.0944885640865,20004.26082880182
West Bengal,3745.753048577018,3269.1648351006074,4509.4655043646835,4489.59232002903,16013.975708071339
Sikkim,6897.922367833767,3595.828319231788,5041.59971113596,6810.1411379434885,22345.491536145004
West Bengal,4400.50103666692,2791.94094532491,6167.9139631630715,4167.113444926446,17527.469390081347
Kerala,3789.2133828169817,4030.1801368140864,6555.752898308203,9919.627282337757,24294.77370027703
Goa,9845.513150704057,4066.05773449228,17483.843496762314,10411.18685441298,41806.60123637163
Sikkim,7418.929424817128,2315.909645670696,9572.743319242794,8837.016419096155,28144.598808826773
Goa,9638.761415976065,4391.798236337605,14340.20972708759,8397.177487170637,36767.946866571896
West Bengal,6979.631290585741,3586.5227008765087,5293.558210777204,5775.592176619697,21635.304378859153
West Bengal,3695.580996877949,2633.5233541350535,6172.016595033048,7982.946849116351,20484.067795162402
Sikkim,4981.210094513293,3714.3585139975057,8617.239089250004,11757.119065412799,29069.9267631736
Kerala,7291.192378520456,4012.286509531533,6054.324969482226,5852.917415215465,23210.72127274968
Rajasthan,7480.103090268962,3053.808974755618,11715.631915877577,12232.690245986862,34482.23422688902
Sikkim,3769.4795316992754,3967.042945430444,8066.458424436895,9038.16840917846,24841.149310745073
Rajasthan,8079.165624953089,2781.423056097517,12101.505975167485,9947.436967289366,32909.53162350746
Rajasthan,5122.202859183303,2904.03133680498,8936.176639847017,9501.949746454322,26464.36058228962
Kerala,4619.088074113115,2568.449678476052,10284.31634026876,5985.758601329284,23457.612694187213
Rajasthan,6684.872114467068,4287.979420015741,7731.131890654211,6629.137962153125,25333.121387290143
Rajasthan,6964.699674208516,3808.585104649924,8594.162691734407,10206.384039613604,29573.83151020645
Kerala,6400.431039189056,2504.208566444546,11264.820279926891,7886.710000048908,28056.1698856094
Rajasthan,4457.434186988774,3380.646836736698,12909.785205812532,12420.876466043765,33168.74269558177
Rajasthan,8387.3043131519,3730.596050139604,7109.964432090762,8846.133761516307,28073.998556898572
Rajasthan,5328.000212943531,2666.9281699787666,8987.0100829584,7002.970210918487,23984.908676799183
Sikkim,3647.5746064140208,3764.8327368146774,6072.032414965823,10003.031834514251,23487.471592708775
Sikkim,7443.740399344886,3607.2070708830706,6354.031640184863,7053.473950087069,24458.453060499887
Sikkim,7778.257491148767,3010.4135471532763,6237.798851399432,8678.292151491252,25704.762041192727
Kerala,7810.638086327253,4134.253230518341,6375.157774457074,10384.82949853619,28704.87858983886
West Bengal,6238.064298899512,2835.5219585501995,6294.702582984102,9401.584667212423,24769.873507646236
Rajasthan,7276.209903195109,4468.220638072996,12861.86779828932,11545.338363611732,36151.63670316916
Rajasthan,6754.286853045696,3835.839997607254,11853.853797739492,10734.52747510907,33178.50812350151
Kerala,3934.933799557051,3469.3425465078826,10037.23001158848,10257.432276766005,27698.938634419417
Rajasthan,6042.266065353493,2831.90979059157,7649.193428289913,12621.472508224606,29144.841792459585
Sikkim,4863.44258506157,3763.855516609288,9757.453550883936,7070.768682475753,25455.520335030546
West Bengal,4039.015135041305,2854.97937584123,8192.459169215124,4006.6725651771244,19093.126245274783
Goa,8617.100568442926,3324.466811564959,18050.903184956627,9175.636475185589,39168.1070401501
Rajasthan,6479.378675393854,2525.215039951518,13583.87044033414,7525.239657387208,30113.70381306672
Sikkim,3405.2310795382396,3119.511367276765,9663.552540663808,9632.842095797987,25821.1370832768
Goa,6100.916009749057,4054.7992442453524,15442.539661136976,12069.692798124233,37667.94771325562
West Bengal,5733.035054638383,3438.707244738317,5001.410089338129,7560.768296228343,21733.920684943172
Goa,5380.6542974515005,4780.516106035604,16167.836078525412,7129.94754567563,33458.954027688145
Sikkim,7256.0345702438435,2158.813169286059,8714.407468339694,10101.446381154532,28230.701589024127
Goa,7475.732635069871,4462.992980680725,17379.173933540253,9588.243299883932,38906.14284917478
Kerala,5902.93288663324,2574.8238881951643,9128.69414500128,10155.391923046418,27761.842842876104
Goa,7962.038923297589,4716.3541063143275,10684.587193335781,11452.627428017226,34815.60765096493
Rajasthan,8123.404829625746,4138.1270277233125,9968.903507441022,8399.11647799535,30629.55184278543
Rajasthan,5739.046039510966,3581.587509971089,14366.13286770686,6942.033869728754,30628.800286917667
Kerala,6890.080762795318,3620.485597246623,9506.693458544556,6160.932283623367,26178.192102209865
Sikkim,5828.659819978955,2628.7002263674967,7691.659716278567,10820.628331785565,26969.648094410586
Rajasthan,5335.141350847107,3442.3357978656295,9150.828115057548,12428.782794570907,30357.088058341193
West Bengal,6514.519945420632,3643.2737954209433,5842.244599582895,7898.728280585798,23898.76662101027
Rajasthan,7987.13010803464,3418.530394346428,14162.768713225354,6724.038804023384,32292.468019629807
Rajasthan,7292.259173292127,3215.5965306508833,12331.704380214685,8814.190518217685,31653.75060237538
Sikkim,7252.90864547121,2988.4248945005997,8936.935133761664,10102.5744007361,29280.843074469572
Goa,9336.471004799012,4656.498504874437,14543.45423067655,13238.567072080545,41774.990812430544
Rajasthan,7541.8148835751745,3170.4160947417454,12041.977755649263,6827.53035603762,29581.7390900038
Kerala,7685.06664181836,2547.5231862714877,7490.301652459245,5500.215031917677,23223.10651246677
Goa,8487.357308346418,4424.028040661562,17054.608302834862,12697.09636704484,42663.090018887684
West Bengal,5720.5630870412015,3651.9564254161637,6138.006668516687,6139.577055917234,21650.103236891286
Sikkim,6093.056891075921,2201.274957047067,7212.727574073728,6781.369321327822,22288.428743524535
West Bengal,6010.866558230565,2479.7482255118894,7246.6116228844085,4077.3848187371527,19814.611225364013
Goa,5793.025526465369,3283.943979521988,19362.806214689266,11322.395254091996,39762.17097476862
Goa,9404.353795994642,3695.8828231643333,10640.063466086209,13809.205883407854,37549.50596865304
Goa,9359.21763872616,3900.701957810825,18247.432373470074,14661.053170180703,46168.405140187766
West Bengal,3116.9891321382365,3497.652673926613,5461.915552060966,7394.469703679735,19471.02706180555
Goa,9129.083752823813,4302.295169763348,14439.19454506378,11115.690621919153,38986.2640895701
West Bengal,3515.479469893781,3241.8571349568624,4109.566643875045,4510.338312935447,15377.241561661136
Goa,6675.594271295709,3704.749893219309,13010.460778343131,11390.982412340798,34781.78735519895
Kerala,7217.5412814580395,3882.8951061695197,9015.787455780783,8159.853552757762,28276.077396166103
Goa,5803.7994802415415,3942.574334796329,10561.76077347439,11857.082247068614,32165.216835580875
West Bengal,6271.868096476249,3958.209876030309,6455.478646915826,6332.35808725928,23017.914706681666
Rajasthan,8160.670889788709,3768.284276591474,14416.88503086742,7682.093864152567,34027.93406140017
Goa,7537.338668804181,3252.5294831290057,11053.932181078053,7759.722201827012,29603.522534838252
Rajasthan,4031.929358584168,3852.355124150868,13115.525824604036,8204.42911212227,29204.239419461344
Kerala,4935.190665874564,2850.208030863398,8458.026320255956,6176.513840014266,22419.938857008186
Sikkim,6084.634591878711,3372.654393372195,8275.86857262169,6238.278655767887,23971.436213640485
Kerala,8405.930890137119,2339.2822963248113,7561.419587911376,12411.353110056822,30717.985884430127
Goa,8159.067635083342,3349.762874351919,11594.922625413583,10552.82845525295,33656.58159010179
Rajasthan,5299.017905320799,4211.474517811573,8283.70091416981,9723.102365535116,27517.2957028373
Rajasthan,7170.028515498057,2954.35911404703,7563.935565145157,12115.329701160506,29803.65289585075
West Bengal,5159.941518863422,3674.08225048588,4928.233524506215,9973.413402944127,23735.670696799643
Rajasthan,7899.226975755718,3058.552176908821,12313.755079911745,10079.00114541277,33350.53537798906
West Bengal,3427.9225553078336,3285.763820117415,8408.45305921754,8874.84292626503,23996.982360907816
Sikkim,6805.13951251014,3388.301147019662,9070.62842795581,7288.587170356726,26552.65625784234
Goa,7706.3328933805515,4025.3095062901057,16851.34309874484,9445.951659578328,38028.93715799383
West Bengal,6851.9680154359785,2610.6213533934624,4552.159317055513,6416.222325967361,20430.971011852314
Sikkim,4709.360830193431,2425.288752742192,6445.937231479749,9707.550838715544,23288.137653130914
Rajasthan,7163.1094656697405,2566.3787091248523,9478.45500257975,10775.341824785692,29983.28500216003
Rajasthan,8660.140527550087,3107.8928024814477,8999.65557118097,8206.676042546156,28974.364943758665
Sikkim,3512.5486399533966,3306.325581062566,7575.028298548616,5932.4694689564,20326.37198852098
Rajasthan,8686.142436182256,4376.609636896966,11284.430519037382,10426.77379525856,34773.95638737516
Sikkim,6439.428611504067,3742.408964526104,6784.429875855551,5898.281035321352,22864.548487207074
West Bengal,3271.3482364206875,3532.129553070605,5768.94579368218,7470.95504937598,20043.37863254945
West Bengal,4203.854267787265,3576.8946865065973,8142.777989530407,8160.532768337854,24084.05971216212
Sikkim,6540.860443226407,3329.9698069519904,8946.464241598427,9904.280474761163,28721.574966537988
West Bengal,3269.402405875087,2520.573715132006,5538.979158403728,8520.83266395758,19849.7879433684
West Bengal,5328.681840705093,3814.3900614116596,8568.942219366298,9237.156529393988,26949.170650877037
West Bengal,4383.532227811827,3341.4646238116684,8764.07508501253,6999.753951788731,23488.825888424755
Kerala,6604.5775888373855,3320.88126196088,7960.455252180245,10611.744326706998,28497.658429685507
Goa,5228.710169062564,3221.978938426962,13544.249487930549,11953.381882926693,33948.320478346766
Rajasthan,8357.68403076188,3394.111087612851,11045.073227375671,7306.479578583778,30103.34792433418
Kerala,8367.444845886985,3120.7165424038526,11646.724875202042,5679.827514085857,28814.713777578738
West Bengal,6875.511421142766,3729.12721904534,8381.597165711559,5707.248314061602,24693.484119961267
Sikkim,6748.2591587146235,3093.296440375577,5512.839812917949,8101.235944363336,23455.631356371483
West Bengal,3520.344960522528,2760.801097940819,5963.653716357081,7702.635666571938,19947.435441392365
Goa,8791.315979645113,4953.6006570213185,15533.711897497718,13799.674644025643,43078.30317818979
West Bengal,3098.347665835206,2221.4411866526316,6515.6623627577,5177.474300236994,17012.925515482533
Sikkim,3110.6177576449863,2845.0968566238894,5969.315339684464,5878.84852928934,17803.878483242683
Goa,6618.051095747706,3084.0493503428106,18588.167711681548,14707.839579794621,42998.10773756669
West Bengal,4954.572761618663,3479.8082415338604,7384.703914984187,4648.267356258442,20467.352274395154
Goa,8852.037089038966,4836.153104398301,18379.08374851804,10827.928560857514,42895.20250281282
Rajasthan,7416.4768830325265,3060.074659100979,13870.114234795778,10098.946101553112,34445.61187848239
Rajasthan,6229.513531883742,4216.683353598242,12986.846829325917,9789.620946352068,33222.66466115997
West Bengal,4094.5066651266634,2584.4364609237955,6196.053006248587,4516.192942197659,17391.189074496706
Goa,9985.622500788555,4821.540323287831,16105.467550154244,7456.215312028955,38368.845686259585
Sikkim,5130.9065111798645,3507.923807193568,5801.827030598715,5738.38399222725,20179.041341199398
West Bengal,4805.548097318702,3609.8135536828772,7368.227087374538,7513.526103235676,23297.114841611794
Rajasthan,4818.119105958346,2536.013111200909,8434.026045914246,9810.414213440248,25598.57247651375
Rajasthan,7974.0477437496465,4425.620714148052,12551.596724081253,7636.18554425721,32587.450726236162
West Bengal,5774.728903125955,3453.3419841406467,5147.990803769843,7826.64485107355,22202.706542109994
Goa,6103.848063943802,3609.5021907722667,11175.5130015022,13560.540016445195,34449.40327266346
Rajasthan,4411.905228079214,4158.789329717694,8322.275921143659,6291.052718926157,23184.02319786672
Goa,8402.496510373565,3563.04239682986,10019.921352190702,10985.039548384339,32970.49980777847
Rajasthan,7272.5560714056755,4245.507679132255,12749.916942828242,10825.172884718831,35093.15357808501
Rajasthan,5366.297634991047,2725.160780823874,12859.208392467033,7766.183489487809,28716.85029776976
Kerala,8254.31781125205,3607.371954921591,9089.600099479558,7654.396337052043,28605.68620270524
Rajasthan,4755.289458904501,3581.396953289821,8290.90240844307,10295.465320925687,26923.05414156308
Sikkim,5161.67400521301,2193.068940390882,5417.771687553449,11285.547054106159,24058.0616872635
West Bengal,6774.463680670396,2483.787656517678,4095.644832186435,8859.546521817396,22213.442691191907
West Bengal,4678.909267704489,2024.8080725546297,4828.740884826104,7498.7813145975015,19031.239539682723
Goa,8192.629738320427,3937.5359309290116,18908.55534983147,12841.773742057994,43880.49476113891
Rajasthan,5987.971989813971,3102.5305215200005,8932.294733613455,8553.75729145459,26576.554536402014
Sikkim,4371.07601174335,3196.7149685955173,6771.356636086079,9486.758696691304,23825.90631311625
Goa,9919.88823979914,3594.4756154172346,11053.454844813332,10729.452729020457,35297.27142905016
Kerala,5546.670031575215,2799.8382230139696,7334.167828489022,6829.552955202927,22510.229038281133
Goa,9470.496018395672,4486.386397463207,15192.245707802052,12613.906191018057,41763.03431467899
Goa,6149.773029455431,3096.285671956707,16077.526830956525,11451.717098790577,36775.30263115924
Rajasthan,5065.523520125416,4305.789990383974,8962.818513329688,8510.35107367514,26844.483097514218
Kerala,3655.670414422557,3904.5277487823632,6346.392955350703,11879.374330550414,25785.965449106036
Goa,8258.334126879425,4335.6093664528125,13910.328691273986,7167.4729426138665,33671.74512722009
Sikkim,4842.631718618806,3186.4431402147684,6171.016854631671,7210.412058746472,21410.503772211716
Sikkim,7321.791249198185,3784.6049962793045,6097.769616149009,5398.169784443526,22602.335646070023
West Bengal,4892.839626766228,2370.6603590574286,8799.314013567277,8599.163897329763,24661.977896720695
Kerala,8340.967139573608,2357.9383243816574,9697.802915554345,10414.752178796549,30811.46055830616
Kerala,4427.627578515606,2679.020339819076,9341.270659032576,7819.465531154219,24267.384108521477
West Bengal,6474.492671822443,3589.1565574003807,6078.87551761661,8053.977413242438,24196.502160081873
Goa,8882.984263958708,3069.3405334529666,14289.443334301443,10167.497809567598,36409.26594128071
Kerala,7354.60922322026,3365.6136701669793,9245.430023028484,10793.77653995704,30759.429456372767
Sikkim,7223.916140584438,3990.87503238262,8482.149035180537,8179.285639156942,27876.225847304537
Sikkim,6805.1199547149945,3711.3921876750787,8510.730480909147,7885.958094821659,26913.200718120883
Rajasthan,7131.101608157077,3542.891378087179,8373.551261643597,12543.109408418106,31590.65365630596
Kerala,4156.224388411938,2327.281818573285,9000.676512459762,7256.153699234901,22740.336418679886
Goa,5162.63089745626,4662.7470287714195,14119.58095034102,7963.578719972524,31908.537596541224
West Bengal,6683.391391262747,3197.9570163544213,8352.63483134692,7507.2586795567495,25741.241918520835
West Bengal,5466.601258082952,2229.8659941191336,7157.094606091881,9815.930873705074,24669.492731999042
Goa,8982.68645488088,3187.7145696467123,15325.040664159818,10022.713709817494,37518.1553985049
Rajasthan,6407.61175756275,4319.253638873185,7923.157137431339,6434.257345401471,25084.279879268746
West Bengal,3469.232755849578,3338.400525876157,7028.189446617058,6035.831603857405,19871.654332200196
Kerala,4125.928961012753,3858.573598633511,6703.2234340814,9041.52158023691,23729.247573964574
Rajasthan,7427.826436144856,4257.957800564534,9697.652604526016,7133.461046425496,28516.897887660904
Kerala,5651.5294744973135,3343.5447040966446,6857.051788885991,10106.715526395445,25958.841493875392
Sikkim,4002.623633501684,3034.8927035100824,8460.368235121845,11984.245723071404,27482.130295205017
Rajasthan,6457.9727337071845,3360.8548206419805,8650.01691068922,9162.176331870107,27631.020796908495
West Bengal,3256.8357483005366,2633.8931755822387,5959.29686594013,6128.371340381276,17978.397130204183
Rajasthan,6909.857009571993,3369.1919217174236,14165.398220950228,8804.929167841266,33249.37632008091
Rajasthan,5344.967022175489,4047.759311460313,8634.531067191761,6806.023248766408,24833.28064959397
Rajasthan,7987.79550318594,3703.846862030263,11062.440511670233,12182.915209983566,34936.99808687001
Rajasthan,5551.809794617869,4285.046579909692,10354.173289328177,8903.779588649464,29094.8092525052
Kerala,5776.100745409006,3086.7600287583755,6108.744246274378,8210.920879973888,23182.525900415647
Sikkim,3058.102699540503,3214.1791574375084,8963.790567864064,9617.83191051332,24853.904335355393
Goa,5362.234438972794,4262.615106183977,10690.459063145998,10536.267367448989,30851.57597575176
Rajasthan,5962.467782033424,3683.394324612651,10794.040167815629,10537.634281654922,30977.536556116625
West Bengal,4919.755338868494,3405.2675461710323,6803.39147469475,4368.677740784725,19497.092100519
Rajasthan,7000.102740596519,2974.8669367496127,12027.411652916697,11696.063406055593,33698.444736318415
West Bengal,4166.650314837213,3024.727555091581,7443.158146539377,9643.023717276415,24277.559733744587
Kerala,6974.909430632713,2408.4496056166954,7519.634301136291,10041.357703115702,26944.351040501402
West Bengal,6440.489588756818,2769.022655289625,4049.8938832922468,9727.395573152866,22986.801700491556
Goa,8899.25494446675,3975.334137242529,17234.436623549118,8211.458514959706,38320.4842202181
Sikkim,3198.0941267417857,3304.448519090945,7678.282996737893,8341.913326362475,22522.7389689331
West Bengal,4922.0277890313155,3901.062105172407,8180.588516036244,7610.840403672683,24614.518813912648
West Bengal,3419.7207136726993,3201.3021330967117,8106.9418145034715,7490.41988452712,22218.384545800003
Sikkim,4210.225079312637,3487.1878323531196,9216.630838939416,7810.232453623303,24724.276204228478
Goa,9933.312966335732,4012.5321189904053,14850.946599795401,9704.67527493009,38501.466960051635
Rajasthan,4712.477714507566,3768.208062752663,9669.027166694925,6887.768157852932,25037.481101808087
West Bengal,4995.552613805425,2141.864432267547,7957.79101295685,6350.454703373669,21445.662762403488
Sikkim,6090.778671590595,2508.783161683694,7256.470565146275,6138.6257057383955,21994.65810415896
Kerala,7012.32485272052,2923.7061864102775,7100.653178420607,10640.559735445528,27677.24395299693
Sikkim,5798.243417434571,2944.9867100130273,9274.870097807372,6461.8165484621295,24479.9167737171
Kerala,3548.8542370959185,2291.2974910047674,11295.359260634083,5909.957136991737,23045.468125726504
Goa,6632.306541219959,3280.0481951066354,14663.0975614017,11418.929102537873,35994.38140026617
Rajasthan,6588.558216923557,3053.6286155826115,7605.5978184783,10166.608129035812,27414.39278002028
Sikkim,3439.3324957241666,3943.065381802101,6939.130449584656,11103.39142896354,25424.919756074465
West Bengal,4402.507724836723,2662.6940142061017,8017.688297313017,7461.889674506091,22544.779710861934
Goa,5166.0155439568325,3964.082116224165,19017.740285462285,9763.846829787566,37911.68477543085
Sikkim,3392.8924857751035,2392.195425476786,6017.363712487979,10621.083170684244,22423.53479442411
West Bengal,4587.693104806384,3221.5601421515366,4334.868060126358,7241.6733591245265,19385.794666208807
Sikkim,3663.578770215302,2561.3664310319487,9386.752265664192,5554.961992418343,21166.659459329785
Kerala,6337.704241307791,2613.9851568768536,8336.429633873251,9460.953922192726,26749.072954250623
Sikkim,6447.324845686329,3033.145256891958,7708.804821337817,11356.129817951638,28545.404741867744
Sikkim,7002.933495545414,2011.0115983208416,9840.329060253795,7774.1883784875445,26628.4625326076
Sikkim,4000.7512212240504,2015.3280652984506,5332.823639571115,7074.280613298601,18423.183539392216
Goa,5837.412911295349,3438.1376182037156,16483.180074520955,8147.755656144161,33906.48626016418
Sikkim,3522.8392016720013,2073.4427250016424,5370.527112874335,6060.118653547501,17026.92769309548
West Bengal,5545.720998174547,2216.051508261383,5877.344642332502,6596.628906050913,20235.74605481935
Kerala,7032.378632434506,2877.721298677503,10822.887271160682,9669.758769130707,30402.745971403398
Kerala,3657.9307241282104,3805.171359159626,8600.833396533806,6064.307836187212,22128.243316008855
Sikkim,7681.061231218449,3144.0972867386017,9985.911769514752,11576.98012317616,32388.050410647964
Goa,5259.856418257362,4025.335451912833,15590.592849466022,13041.068939561566,37916.85365919778
Goa,7706.481676505353,3586.9776464162433,13211.621526359535,11692.9913462693,36198.072195550434
West Bengal,5836.242077803666,3863.507438865633,5100.556629523766,8970.632025633946,23770.93817182701
Sikkim,7354.845618730428,2794.0300824743836,6752.602671430809,5561.307297684793,22462.785670320416
Kerala,7070.434660662138,2374.185533591543,8235.199642557305,8837.87214413187,26517.69198094286
Goa,9008.64041534896,4234.1330322356025,10687.13677723961,12040.745014893308,35970.65523971748
Sikkim,4697.25096271403,2227.6767869532027,6847.870997133866,10800.570342828025,24573.369089629123
Goa,9074.125568732561,3690.4462856033842,14642.38519739225,13267.756480394142,40674.71353212234
Goa,5400.574231923376,4014.8238774356178,17227.377522388048,9216.553997707197,35859.32962945424
Kerala,7974.083280302638,3948.4450493703516,9940.376908329648,12086.161186914429,33949.066424917066
Rajasthan,6737.961880768681,3487.0931606802374,12670.125241833233,6870.420890016092,29765.601173298244
West Bengal,6269.191079849975,3404.5175320633284,4041.8184093842856,9250.801711726912,22966.3287330245
West Bengal,4809.2731380732,3985.6336779981407,5088.33699790268,9825.641497627712,23708.885311601734
Kerala,6717.888475982625,2462.9782397959634,9970.105730399138,6740.074662558379,25891.047108736107
Goa,7632.013304680566,3549.463051039039,14839.893681797472,12776.528513630281,38797.89855114736
Sikkim,6657.94760877666,2789.152151195293,5026.56737834173,5281.998631445989,19755.66576975967
Goa,5408.149910152948,3843.6563570776625,18044.946424318223,10243.38260111324,37540.135292662075
Kerala,3801.760419952819,3022.0421505310915,10636.857439742023,9113.983094383719,26574.64310460965
West Bengal,3988.412936040586,3815.22200511311,6742.095814967814,7483.871355457804,22029.602111579312
Goa,5797.723400565942,4428.0652889337125,10664.633257762722,14487.497985988477,35377.91993325086
West Bengal,6487.1342663688065,3215.8104281814076,7832.575247662923,8033.504123765168,25569.024065978305
Sikkim,4096.069936790222,2618.745435725564,7918.56793865682,8368.94565853466,23002.328969707265
West Bengal,6903.461023276525,3647.5807684425895,7909.7998857897965,8858.050217595337,27318.89189510425
West Bengal,4347.583167084427,3910.121022969978,7758.734961979202,9703.196925726454,25719.636077760064
Rajasthan,4910.589578443496,4142.396565100453,13424.016575662696,6154.463040776036,28631.465759982682
Rajasthan,7948.492535712396,2503.1302103829457,11144.064531237,12877.64890579227,34473.336183124615
Rajasthan,7293.538877504381,3772.802740366814,8122.59614554812,6602.924973445763,25791.862736865078
West Bengal,4992.782865812556,2102.2707628842013,7355.787366898443,8886.32067561257,23337.16167120777
Kerala,6276.817754688156,2715.214440667444,9722.842710311823,7462.343267859887,26177.218173527308
West Bengal,5876.807113089055,2119.049400695543,7711.265935995436,4793.077946523231,20500.200396303266
Kerala,4642.273706656493,3407.5909058987754,7019.286036304412,8578.989477996845,23648.140126856524
Kerala,8481.66958028371,3573.1798269852134,7169.851199401735,10007.696056133294,29232.396662803956
Rajasthan,8873.965810733916,2728.9752761318105,14123.276137754627,8666.662915164325,34392.880139784684
Goa,8251.628431734684,3767.677766089959,17499.777984520708,7436.523266261592,36955.60744860694
Sikkim,3997.712254645726,2912.473017911084,9541.142443501614,9196.227977611015,25647.55569366944
Rajasthan,7401.141212156457,3238.1060435218333,13069.722569311365,12316.822932774723,36025.79275776438
Rajasthan,4360.992044895879,2742.050000970386,11777.242447922414,8682.507561630762,27562.79205541944
Goa,5153.26251102903,3837.895580374951,16541.327370278737,8730.662221046616,34263.14768272934
Sikkim,4288.414442556068,3502.3560956168362,9445.63961970005,8098.041421529708,25334.45157940266
West Bengal,4850.491826957265,2142.0153290665107,6894.033772559703,4290.176266292685,18176.717194876164
West Bengal,6473.090021633522,2160.360028163807,7161.956621641937,8922.92550688165,24718.332178320918
Rajasthan,7635.84534883154,3209.5425836719687,8251.813728028805,11784.385676651307,30881.58733718362
Sikkim,6713.532605999905,3883.45142323785,7369.606100580513,9116.0032440074,27082.593373825668
Rajasthan,6127.466672240376,3837.1452934458284,12731.176895664792,8471.720222568727,31167.509083919722
Kerala,5229.6749627348145,3557.3399133451294,7625.656189898193,11098.483551120484,27511.154617098622
Rajasthan,5855.193814923014,3223.83998167573,8618.033444196279,9882.80917351857,27579.876414313592
Rajasthan,8938.24781868029,3687.3215824170766,9510.614465795325,11781.526159850113,33917.7100267428
West Bengal,3160.43676564993,2020.2623680554868,5207.5031399641675,7788.752755498124,18176.955029167708
West Bengal,6468.125984489794,3272.1920928190843,5074.563185181979,8706.432839276784,23521.31410176764
West Bengal,5314.701634289573,3826.5738951524736,6124.254214340435,7591.377959306559,22856.90770308904
Kerala,5693.077095947952,3425.146936689638,11447.031083301204,8398.987477509663,28964.242593448456
West Bengal,5901.030641660545,3747.39718693269,6535.298233693591,9747.675159556826,25931.401221843655
Sikkim,5433.344707123514,3447.9461109321874,5939.601904076615,8787.796774151913,23608.68949628423
Goa,9367.116190408302,3241.1168328073804,10769.716693808741,11840.716148324307,35218.665865348725
Sikkim,7503.509320056292,3804.9066145716833,8480.780725689627,6543.413475903245,26332.61013622085
Sikkim,5108.604634367277,2132.88768871155,6913.993822181939,9379.555525990934,23535.0416712517
West Bengal,4107.311188940206,3067.934945095528,8109.154732926796,7429.645896897663,22714.04676386019
Goa,7961.751642966811,3284.2742475869154,16595.107686407704,8478.7071835762,36319.84076053763
Goa,9561.816728083455,3023.413221461808,17962.414505413686,7476.6967788251495,38024.3412337841
Goa,6053.310945028333,3844.068520255278,12719.460394184487,11834.874557718169,34451.71441718627
Kerala,6614.8329178174135,2790.0814153083124,10154.153534766348,10845.845885452243,30404.913753344317
West Bengal,5526.240880370082,2972.000987595206,5320.309923468594,7140.40822553205,20958.96001696593
Goa,8665.565112076405,4154.399773469102,19390.684794502915,8814.181002557165,41024.83068260559
Kerala,4157.838425636299,2287.478144617895,9818.245689200246,10165.653836851245,26429.216096305685
Rajasthan,7579.124823410442,2746.006590247491,9596.094401402737,6560.740086267216,26481.965901327887
Rajasthan,8545.162603328205,3617.284792900851,9156.094898338182,9092.835933613682,30411.37822818092
Kerala,4398.41554435121,2886.3347063453166,7145.559510429861,6643.567308788941,21073.87706991533
Kerala,4687.716624619388,3658.346975098896,10167.845753362366,6791.213357419183,25305.122710499832
West Bengal,6885.580376166558,3304.583297183879,5093.578064989637,5213.763694949222,20497.505433289298
West Bengal,3723.907810837959,3691.2087259798136,6976.516329637445,6320.242342263868,20711.875208719084
Rajasthan,8271.925466847895,3884.985653338451,9117.080215402859,6358.051439342784,27632.04277493199
Goa,7461.389282240174,3859.8621547802964,16619.689447938686,10182.347527432787,38123.28841239194
Rajasthan,5236.155372015885,3845.9332447888646,13519.517828324315,9581.952129802907,32183.558574931973
Goa,9353.749506362557,3550.762348510837,17780.252431446534,10866.354279730602,41551.11856605053
Goa,7226.526275013328,3612.6269975564255,17608.51330930782,10062.272803224325,38509.9393851019
West Bengal,5059.269415718761,3577.9703198415864,4938.612028461261,9034.879648424514,22610.73141244612
Sikkim,4796.166846998829,2892.8390328031646,5441.924734922593,6017.286846943529,19148.217461668115
Sikkim,5964.754257174637,3596.760681036705,8494.744142436928,8539.877206469617,26596.136287117886
Kerala,4317.619362925114,3844.844747336557,8210.083282766107,5934.28991869588,22306.837311723655
West Bengal,4564.326146607043,3715.124675322568,6161.731132016736,4426.934073267458,18868.116027213804
Goa,9847.061611676438,4833.270471682415,10311.49092793391,11590.92679741677,36582.74980870953
Sikkim,4290.667163505637,2861.970441026592,6297.882246375246,8962.128974214746,22412.64882512222
Goa,8283.683322706462,3637.733636642278,10336.76403874464,14024.268102755655,36282.44910084904
Sikkim,4625.950321123474,3164.3974931882276,9395.928863006238,8905.115729620513,26091.392406938452
Sikkim,6867.365628433003,2742.344846875255,6216.983416092652,11718.537142833951,27545.231034234857
Sikkim,3654.3683035917493,3202.148333600466,7786.68584786504,5340.863938799508,19984.066423856762
West Bengal,6879.284180314178,3411.171725287649,4194.896603305652,4588.046108684446,19073.398617591927
Rajasthan,6268.947706918196,3876.8100369842737,12334.779130445266,6308.46103099267,28788.99790534041
Goa,6180.25231673232,3749.105774040243,13230.273457540938,8482.21480266832,31641.84635098182
West Bengal,3293.9869893200507,2333.720403397506,8489.595934788329,7247.620665650069,21364.923993155957
West Bengal,3679.031620350163,2861.058676924415,8440.590944670179,7873.433088564569,22854.114330509325
West Bengal,5079.095794224071,2285.1882881638176,5626.4530918087385,4273.510947692012,17264.24812188864
West Bengal,4348.012705725145,3780.1940703676164,8504.804478452339,9675.825339073595,26308.836593618696
West Bengal,6315.533463530438,2691.7549214757146,8980.788367493893,9052.992259902287,27041.06901240233
Kerala,5654.43761830903,2508.9194944466476,10952.493984743687,7576.287375099651,26692.138472599014
Goa,6243.57136293815,3050.895519811502,18448.71347755229,7617.500241811744,35360.68060211369
West Bengal,5468.57994641612,3291.6447725729686,5245.04368054545,5019.322439314344,19024.590838848882
Goa,8533.88608442723,4273.804634909487,15767.023988577563,8015.555310039781,36590.270017954055
Kerala,4335.209539504749,2881.2083331625836,6403.535483804207,6362.986455092628,19982.939811564167
Kerala,4338.0960814415885,2343.423777695302,6569.507620930019,9129.931820660138,22380.959300727045
Goa,5183.3571346677145,3819.257789790464,19988.926120332908,8966.779539947202,37958.32058473829
Sikkim,6682.010075328202,2622.434990126787,6633.196247129555,7506.978015704011,23444.619328288554
Rajasthan,7319.022638109025,3854.2412794700185,12985.471296390771,12926.537333690258,37085.27254766007
Sikkim,5373.15437874907,3211.5584989053805,9033.325265134083,9790.199742477413,27408.237885265946
Sikkim,7220.852244845985,2729.18745639508,9290.116355036145,11642.86466932901,30883.02072560622
Sikkim,7028.3507647502665,2435.78510850998,9988.141487010784,5997.895885231809,25450.17324550284
West Bengal,5341.417457587009,3976.0719323111834,5207.482426284339,6292.8368489954155,20817.80866517795
Kerala,7841.356402566294,3108.00324239223,6242.104961158198,9383.12262297648,26574.587229093202
Sikkim,4029.2060501838414,3376.5484715604744,7055.95758997293,5537.306433221166,19999.01854493841
Kerala,4059.5980969886396,2481.1059351567214,6780.4840189736815,5529.312105395705,18850.500156514747
Goa,6348.748057584948,3971.1793993187957,10224.258891620551,12363.47467037534,32907.661018899635
Rajasthan,4285.434280446574,2555.073439738931,9883.41461713189,10492.736617610048,27216.658954927443
Goa,7655.84764000516,4010.9102358208997,17837.382510752366,10286.310479996893,39790.450866575324
Goa,9683.028461474807,4928.034814235405,15661.806912250708,10917.152608256261,41190.022796217185
West Bengal,3157.3741626740384,2768.4134259716,5563.8899460517705,6492.658003552538,17982.335538249947
Rajasthan,4610.549570050134,2577.9920251498233,12234.736043941757,6168.035313914222,25591.312953055934
Goa,7260.9951414171765,3061.911581838687,12320.181803088108,9682.972849739699,32326.06137608367
Goa,9669.375087639524,3775.9735198937387,10143.81446072085,8416.658043178319,32005.821111432433
Rajasthan,5580.780524883752,2820.049872926388,13114.82709149142,6688.969323709582,28204.62681301114
Rajasthan,6536.174043441963,2546.704192656372,11989.944678912074,12697.043037225449,33769.86595223586
Goa,5207.86429525196,4512.4272279003535,17623.026245009598,11794.877800337325,39138.195568499235
Rajasthan,4741.716004810444,3417.0460177637815,7311.504133501325,11100.59398965622,26570.86014573177
Goa,9933.150614794235,3578.489543945309,18371.196278306525,9522.90994612894,41405.74638317501
Goa,9825.593482180228,4800.166366032961,16195.262000363033,10145.177035952122,40966.19888452835
West Bengal,3019.7599237376385,2232.2779204010512,6816.976753563201,5421.543963380341,17490.55856108223
Sikkim,7759.058927116195,3911.8376579106384,8123.070240572658,5678.759696757973,25472.726522357465
Goa,8195.599689077502,3627.9334347547056,18644.332468683642,8432.25309953267,38900.11869204852
Kerala,7839.59147260011,3976.8073446173626,9521.619039353442,11082.5983170754,32420.616173646315
Sikkim,5273.699278169295,3205.885752958923,7904.7518994408965,9742.820636286431,26127.157566855545
Sikkim,5577.980142896251,3653.4147194829748,9953.39578532883,8828.502131898338,28013.292779606392
Sikkim,5444.2329012846,3968.026326420929,8783.65083534284,8325.629110067377,26521.539173115747
West Bengal,5667.457030184418,2576.8108756374913,6211.469027255676,9534.605701936747,23990.342635014335
Goa,5698.256273781564,4922.270970815186,17073.97000032928,7581.879582229347,35276.37682715537
West Bengal,3119.894359490712,2778.963789804841,5946.152358458942,5683.604879427496,17528.61538718199
Goa,6539.649707955955,3771.0238094738447,12288.75462483499,9799.502828565712,32398.9309708305
West Bengal,5818.723050946586,2680.7742085090113,6984.2593844387975,8694.554873276727,24178.311517171125
West Bengal,3807.4138084917936,3082.8152146951707,8640.910490569757,9955.087720971827,25486.227234728547
Kerala,6867.1621666245865,2508.2900863569744,11574.837120092776,7184.693603300071,28134.98297637441
West Bengal,6879.648184429082,3107.422970716022,5709.526390527451,9245.844004822484,24942.441550495038
Rajasthan,4469.503578947092,3583.409624820008,11221.419729773559,11814.359323022538,31088.692256563198
Kerala,6863.010591125631,3723.80362520974,7269.815391419167,7072.601783492366,24929.231391246904
West Bengal,4775.000877218285,3667.299923875171,8978.155547494418,6395.995481195336,23816.45182978321
Sikkim,7340.711271887527,2880.882700624848,9905.589539339679,7867.710085047634,27994.89359689969
Rajasthan,4885.74894723693,3104.6664987029876,12196.071437659579,12847.544679685907,33034.0315632854
Rajasthan,7463.129761130823,3018.669794634189,13435.312477419786,7266.243309652288,31183.355342837087
Rajasthan,8190.576448240551,2889.247673409744,12720.8012902696,11594.105797733475,35394.73120965337
Kerala,8223.071097370117,2315.2951643980496,9558.949314236808,7839.348999211769,27936.664575216742
West Bengal,5732.992113158583,2684.895957669427,4266.739984944488,8385.222074656962,21069.850130429462
West Bengal,4988.699056033709,2540.4953842615664,6273.821712763305,6520.066025773976,20323.082178832556
Sikkim,6089.23620100607,3932.8347717328147,8373.931510837054,9048.51834181578,27444.52082539172
Sikkim,7344.524922393591,3115.4176525000876,8387.658069418423,10828.28241328292,29675.88305759502
Rajasthan,6853.048733194149,3194.554078061015,9984.980947379068,11629.158954887189,31661.74271352142
Sikkim,3151.9352984841844,3160.9352019873922,9708.459933290153,11064.962284777901,27086.292718539633
Kerala,8154.743477534889,2478.393402691391,7004.142193420686,5917.321277412613,23554.600351059584
West Bengal,5758.107004126245,2888.087498404406,6501.797231077803,8152.303318238469,23300.295051846922
Rajasthan,7382.566928886233,3752.4686428421273,12527.071812406582,6979.91163705234,30642.019021187283
Sikkim,4078.375761988586,2977.7956635849027,8485.679029459046,7910.729976128877,23452.580431161412
Kerala,6794.4273511632855,3003.5576013086484,9891.833740612894,9340.11890538282,29029.937598467648
Kerala,5469.3220282707925,4187.696777799396,7651.729280711161,8319.176393227815,25627.924480009166
Sikkim,6256.16488520746,3760.629524297854,5781.0328434331095,8637.281730621053,24435.108983559476
West Bengal,3426.372121231963,3246.8119163188803,7179.701634133555,9979.157852791715,23832.043524476114
Sikkim,6289.226523015181,3138.7547223645656,7996.510580697189,5946.521195989983,23371.013022066916
Rajasthan,8997.068628853332,3741.320959649168,8434.848082313927,10728.192317354979,31901.42998817141
Sikkim,3241.06019430278,2402.6242156448666,8525.695727852817,7772.006764699307,21941.38690249977
Kerala,8385.870921106587,2990.275486528637,8731.031950401939,6431.068592351301,26538.246950388464
Sikkim,5034.539803614353,2078.9190657817985,8338.802958015764,6111.157343620167,21563.41917103208
West Bengal,6483.013801349036,2951.0920749736533,8186.835398850753,9695.638637473701,27316.579912647143
Goa,8911.927420291368,4086.0491679153265,11697.284285769232,14036.811973694097,38732.07284767002
Sikkim,5835.081304933339,2455.4994722064193,5095.724339984184,11349.293722905153,24735.598840029095
West Bengal,5953.796837005306,3928.0576943310275,7895.512931978934,9949.196654964318,27726.564118279588
West Bengal,6514.062245205392,3818.909221874484,7048.48712576308,5249.892340051108,22631.350932894067
Kerala,5520.701608255165,3644.2864709118116,10197.837417732731,7988.075361548432,27350.900858448138
West Bengal,4308.132646252955,3066.7732575307255,8190.774874943213,8015.3141795492,23580.994958276093
West Bengal,5670.373542254339,3739.93831929537,8014.054674122503,6902.815239163883,24327.181774836095
West Bengal,6231.3837677650345,2261.3046876469257,8804.600734644122,6510.337200270002,23807.626390326084
West Bengal,6049.140539106464,3581.0195885497697,6679.675394260591,6146.867496013558,22456.70301793038
Rajasthan,7989.068244293172,2749.641627933697,10907.965061279243,10156.464423604166,31803.139357110274
Rajasthan,6177.916574064665,4088.421325098811,10215.09759912584,10029.154000480574,30510.589498769892
Kerala,7589.171080875109,2751.535136502714,6922.1462570652275,6630.204838449681,23893.05731289273
Sikkim,3601.045276853042,3754.181162036378,7863.036164410112,8302.178862629073,23520.441465928605
West Bengal,5177.956391843398,3888.0841876507957,5385.062621629894,7320.830657259099,21771.93385838319
Sikkim,3028.793302490608,2297.591938810231,9606.537561064877,8992.008571119733,23924.93137348545
Sikkim,4622.929149501351,2925.351210130787,7915.954021385488,6470.750350386463,21934.98473140409
Kerala,5332.307674356989,4161.97475632537,9557.041083048662,10695.899745766008,29747.22325949703
West Bengal,4584.690766437021,2966.8148719462934,5774.62330438505,4151.194568926418,17477.323511694784
West Bengal,5781.868826759449,3727.09504502909,4259.946759888538,6128.991133258976,19897.901764936054
Goa,6942.790506351728,4177.463044262639,10317.437653729887,13241.701188285067,34679.39239262932
Sikkim,5243.468113112653,2750.6598158392035,7116.6757207659875,8947.250447387816,24058.05409710566
Sikkim,4187.7206543716375,2571.5671110517405,5422.826890486189,6828.137027576022,19010.25168348559
Rajasthan,5866.2589581467,2906.4461821721743,11854.775644321113,10864.671835401334,31492.15262004132
Goa,6136.348136315757,4523.596382755394,18809.730056396576,11539.127553248587,41008.802128716314
Rajasthan,4365.979618842218,3273.081013646056,14063.318532149777,11573.70526619471,33276.08443083276
Rajasthan,7017.24296690689,3522.5509244015025,12272.36328105786,11145.176303328764,33957.33347569502
Rajasthan,7341.063992775082,3484.6509600023637,8689.854651783447,10270.755454253642,29786.325058814535
Kerala,6597.451730048073,3354.5580584662625,11177.980988153233,8917.243727175697,30047.234503843265
Kerala,5817.470219002862,3931.1542912491045,11316.56061187925,6432.274879672664,27497.46000180388
Rajasthan,5898.92890089615,4461.478687166858,8573.22867962367,7829.331125197687,26762.967392884362
Goa,9316.668247859126,3815.168417147634,17374.260857706773,10352.795783336682,40858.89330605022
Sikkim,5595.40892568109,3655.037844212606,6432.597744635615,9195.09500904472,24878.139523574035
Goa,7395.909388148655,4529.055589309435,18026.403123529297,11109.662841722438,41061.030942709825
West Bengal,3102.5682632257426,3147.057902911147,8986.189499518014,5729.107155757177,20964.92282141208
Kerala,5206.239138130782,4112.094287223867,6180.156031976357,5545.250504527974,21043.739961858977
Sikkim,4900.978093929285,2400.9490310568053,9486.82932895466,8473.674553305696,25262.431007246447
Sikkim,4994.113904484502,2218.5284206192428,8113.15266799329,6999.381919935701,22325.176913032738
West Bengal,5320.689476909329,3707.9239339108444,8866.913095824106,8407.64980426321,26303.17631090749
West Bengal,5134.410186907514,2878.2996332674966,6325.047587632138,4143.677591622901,18481.43499943005
Rajasthan,7039.525463967223,4193.937708414121,13779.10344457099,10093.794679140536,35106.361296092866
Kerala,7324.416307710641,3986.18041039083,6374.364411589663,12090.319662542457,29775.280792233592
Kerala,7564.928693580468,2324.915187238143,8011.674300469775,6720.8648697804965,24622.383051068882
Goa,8590.615381132473,4766.929525972121,10670.1653775121,10773.195926004762,34800.906210621455
Rajasthan,8777.618479774674,3396.6381107388443,14802.745067832564,6639.953942719967,33616.955601066045
Rajasthan,4091.1629133818083,3520.8649780084643,13535.791258174693,10379.773385829469,31527.592535394433
Rajasthan,4978.8899284177305,3753.1850221864206,13820.379369967763,9853.721764173579,32406.176084745493
Rajasthan,4037.8143748907105,4352.765213460174,14503.721851471153,8851.558669489827,31745.860109311863
Kerala,6737.373570773016,2238.232188859528,6510.620916718712,9149.639150316189,24635.865826667447
Kerala,7990.152744749935,3153.686936635634,8313.58555508,11776.02260928307,31233.44784574864
Rajasthan,5217.411482881496,3875.444084861121,7568.279112352017,7374.060116177469,24035.194796272102
Goa,9635.172723981534,4445.413915396457,12107.931015500286,7180.516093642778,33369.033748521055
Sikkim,3301.3369514478045,3385.064863074216,6146.828885188362,11031.654192893708,23864.88489260409
Sikkim,7672.1801340275715,2268.8702588162437,7345.536055237893,9039.819576715345,26326.406024797056
Goa,6758.113436198172,3598.7911767433625,12685.621674536425,14125.26764369474,37167.793931172695
Rajasthan,4507.104142246082,3217.431050834027,7807.824854542088,10178.616563892208,25710.97661151441
Kerala,5929.358795931628,3808.87441535901,7004.946534564646,11171.127629717917,27914.3073755732
Sikkim,4283.88283860254,2557.519744829106,5736.3778177604545,8007.713543486036,20585.493944678135
West Bengal,4139.491607847691,2421.409927734406,8865.383989561491,8499.159587729613,23925.445112873203
West Bengal,4229.159859705146,3914.8960380761923,7796.462534592369,9478.248801339136,25418.767233712842
Goa,9015.129489163317,3017.726570226938,19677.61465269562,11576.98370977765,43287.45442186353
Rajasthan,6695.806383376273,4495.641711363956,10517.923892063269,7265.496053936657,28974.868040740155
Sikkim,4556.538495780018,3353.642597714791,6391.842408313283,6881.583305211387,21183.60680701948
Rajasthan,7051.668916554592,4156.938598898234,13386.345577673494,7390.51203828184,31985.465131408164
Sikkim,6580.753371115968,2589.2387926923866,6631.269590205734,6727.999193170131,22529.26094718422
Goa,6363.120003667669,3028.63055533412,12993.833737053483,9451.323594808291,31836.907890863564
Goa,7067.745507626758,4475.73903712306,12325.059922078312,11441.070294025507,35309.61476085364
West Bengal,3487.54437334779,3668.2891940013515,4648.394891121176,7527.949776782996,19332.178235253316
Rajasthan,4905.746747673402,3980.9522639070383,9051.704488134128,8985.498230693029,26923.901730407597
West Bengal,5724.471415859931,2285.700574601677,5776.598742369439,7692.524678925012,21479.29541175606
Rajasthan,4907.1917384781345,4006.855844513938,12391.953665165844,6571.024479279561,27877.025727437478
West Bengal,5100.653534668241,3537.845564215282,4312.824211097258,4526.72942234896,17478.05273232974
Kerala,7045.231308612163,3517.08103134011,7263.041637992058,6702.806222503609,24528.16020044794
Kerala,4034.3846154737194,3732.231865591172,10854.141841750057,9126.542486282413,27747.30080909736
Kerala,6336.561098144518,3891.842879355464,6881.531541502624,6997.962750888195,24107.8982698908
Kerala,4782.8139185068185,3427.2082284749167,8055.870879135129,7482.990824448041,23748.883850564904
Sikkim,7814.634376187899,2177.209427939358,9323.2946092907,7802.189853210959,27117.328266628916
Kerala,5917.728233599624,3175.2556193344217,6929.551866860656,11183.062868072659,27205.59858786736
Goa,9029.96274887579,3155.2986693432103,10827.3683561819,7110.897087302881,30123.52686170378
Goa,7751.132710781309,3815.086062064862,14845.379950800108,12195.03056189298,38606.62928553926
Sikkim,3217.062664274096,2814.212978251255,6512.097556392682,9682.135717284797,22225.50891620283
Kerala,6665.756877970112,2332.019688280483,9380.450186903125,11090.590462496457,29468.81721565018
Kerala,8257.016711033284,2897.6410679389587,10822.829342900852,12029.270573422193,34006.75769529529
Kerala,6508.059100731656,2421.9961975826295,6822.8909289164585,5640.964942645029,21393.911169875773
West Bengal,6276.755437707161,3616.470420018444,6903.495422771424,4922.702233079297,21719.423513576327
Rajasthan,8421.03231674204,4395.376051928942,11044.070083118911,12203.19905839195,36063.67751018185
West Bengal,3912.31908779573,2144.6329505158774,4720.393930065998,6751.111373122092,17528.4573414997
Rajasthan,5060.224199541133,4410.230414583402,11991.98788423186,9952.134472534244,31414.576970890637
Kerala,6554.9049442549585,3245.1531986734904,7641.84250716463,10141.190426062032,27583.09107615511
Kerala,5555.142349033524,2799.131355907748,8927.005911264076,10253.466231469461,27534.74584767481
West Bengal,6359.445211466882,2153.724150552327,4411.361621385309,9590.44241989905,22514.973403303567
West Bengal,6600.092493592045,3001.2485361408358,6297.920286068115,9981.69650447002,25880.957820271014
Rajasthan,5767.106896513591,4089.0310889814973,9451.707744342562,11041.102226516581,30348.947956354234
Goa,6184.35279487241,4414.1729545333965,18223.812111853542,9297.769673641207,38120.107534900555
Rajasthan,7902.627576219309,2600.4520229279474,7455.8298159789465,12158.266816060404,30117.176231186608
West Bengal,4099.224142192545,2145.803670735807,6093.036374591649,4295.32548724457,16633.38967476457
West Bengal,6290.457274054714,2805.746565265274,6292.15712065719,5386.485117246977,20774.846077224152
Sikkim,5118.691268243814,2590.580988095887,8625.030381495593,11281.700022246005,27616.0026600813
West Bengal,5670.199597165882,2464.7686461120957,6871.437875451054,5537.149086636129,20543.555205365163
Sikkim,3477.676569173341,2562.0089978174274,8336.061685970904,6544.557417352239,20920.30467031391
Goa,8119.296623382865,4606.965486593769,17770.49285651756,8105.002345121978,38601.75731161617
Rajasthan,6258.8383936861455,4358.456107263708,13897.62378926551,12013.782303528416,36528.70059374378
Rajasthan,6933.04231587737,3310.205389055133,9511.003973779763,9500.407814337606,29254.659493049872
Sikkim,3840.071038724317,3812.222004264994,7690.113526819515,9724.252421379084,25066.658991187913
Rajasthan,7684.368724720911,3142.991402495764,13720.864627513598,7673.464688525208,32221.68944325548
West Bengal,6451.1883101729145,2952.8739726875833,8947.255654825283,8548.242526067299,26899.560463753078
Kerala,4583.699000453878,2652.0579956319993,11337.115866262578,10820.03881473469,29392.911677083146
Sikkim,3478.572777600809,3280.952084351688,6857.336313121884,7188.186174358101,20805.047349432483
Rajasthan,4118.192930231682,4457.962230349618,8561.332137749203,8874.77843107198,26012.265729402483
Sikkim,6209.8575022163295,3206.986192086757,7446.962687032943,6467.831942011406,23331.638323347433
Sikkim,6035.470180443904,2715.628168227098,8708.207259180212,11835.92716326033,29295.232771111543
Kerala,6233.48706357035,3495.634891981057,8955.414424519786,10019.218039408881,28703.754419480072
West Bengal,3927.788384463902,2245.841356930775,6415.904316568342,9607.263284293094,22196.79734225611
Sikkim,4954.529979527573,3777.3181605307973,9191.152105409003,7123.698805403932,25046.699050871306
Rajasthan,6972.381675930865,3506.167901559673,9891.230232537491,11473.236390978229,31843.016201006256
Goa,7483.834294295847,3898.699484079284,18597.946748116454,13126.869151077935,43107.349677569524
Sikkim,7938.927601074436,3171.7295769070383,7034.024004758618,9841.58956306579,27986.270745805883
Sikkim,3682.1987627836656,3249.567725578805,6641.165528391697,11759.472826867603,25332.40484362177
Kerala,6975.72277023797,2343.551612453026,8723.939467198194,8254.887352744208,26298.101202633396
West Bengal,4617.275072417168,3365.2344424468047,7812.234793374342,4784.303941538544,20579.048249776857
Goa,7140.998074628074,3483.863360631059,11260.020278639942,12373.670873952487,34258.55258785156
Rajasthan,7587.988828290881,3927.90526501318,8571.35372697614,11105.168603340444,31192.416423620645
Goa,8462.180756621849,4645.069588768393,19514.44825663092,11600.484587670519,44222.183189691685
Rajasthan,8956.279968510942,4107.91701510504,8403.933019050859,7447.725251933774,28915.855254600614
West Bengal,3513.577157816501,3105.0019348157784,6838.6365896552725,7026.735650016132,20483.951332303684
Rajasthan,4520.548246920832,3540.339784621502,11634.515733295502,8185.328155983905,27880.73192082174
Kerala,7121.694085643706,2485.7519226788236,8937.746772301469,8492.265697166824,27037.458477790824
Kerala,6391.934585032046,3750.6923008062713,9868.471491460912,10016.530030912647,30027.628408211876
Kerala,4870.803332799029,2742.8187608934286,7378.9603547857105,10716.503198835842,25709.08564731401
Kerala,3897.096844944933,3193.390845635893,9315.97360666049,7125.572836309402,23532.03413355072
Goa,5428.2912479821525,3568.5481858550334,13721.732552468971,10242.602885175627,32961.17487148178
West Bengal,6576.7634986564735,2267.6567259993863,7308.336298145945,5614.9694259497755,21767.72594875158
Rajasthan,4959.336623593715,3759.1153937834733,8129.788346985196,7390.421297033084,24238.66166139547
Rajasthan,5616.857810577604,2608.6640696458076,11567.01933471581,11483.710539970869,31276.25175491009
Kerala,4633.28201113494,3697.2904682524,7111.622132299943,11864.768861058947,27306.96347274623
Kerala,5274.981529159686,2835.173590522233,7671.858378690218,8091.6252997920365,23873.638798164175
Sikkim,3347.119213730467,2000.2693860089707,6093.549001617916,10258.952470616368,21699.89007197372
West Bengal,5076.239163633081,3022.2582784744595,4914.188899344085,9381.971736186468,22394.658077638094
Goa,5338.062817961075,3093.7038170552064,18257.10951560667,13768.993684241854,40457.8698348648
Rajasthan,8001.782539111808,3052.339115641799,9285.660541287123,7279.693719774581,27619.47591581531
Sikkim,4168.560409552165,3413.9529749114326,9635.618909322246,11694.04317059353,28912.175464379372
Sikkim,5700.059573022552,2125.3792432437317,9849.632626725954,7636.735083006237,25311.806525998472
Rajasthan,8400.395437807292,4178.676984712005,11570.083759496778,8374.684628216855,32523.84081023293
Goa,8254.386845235971,3007.6398453171664,11430.011226657263,7499.450618222243,30191.488535432643
Sikkim,5664.788932756676,2493.6477384038044,6872.741216897906,8403.215578734182,23434.39346679257
Sikkim,4621.668765576878,3481.808112304143,8988.66131674107,5763.095309486501,22855.233504108593
West Bengal,4332.007652232792,2632.540299458614,5836.953643485353,5491.238925564556,18292.740520741314
Goa,8347.43477599095,3203.784776132027,10870.172183027888,9535.54097413825,31956.932709289114
Sikkim,7970.696806105838,2720.467837600856,7783.92455464094,10661.784264441787,29136.87346278942
Goa,8309.195949246892,3540.786572769051,18451.208514960348,14003.909203167172,44305.10024014347
Rajasthan,6788.917086850124,4185.42380432111,13367.411097148019,8117.2642222302875,32459.01621054954
Kerala,7153.25255119623,2826.695835170286,7050.73884078212,11510.886848712016,28541.57407586065
Sikkim,5326.02806141859,3577.8649435520147,8363.823072062334,11000.616561588537,28268.332638621476
West Bengal,3240.569370403141,3783.7442896214698,5102.521317178235,8587.905702309241,20714.740679512084
Rajasthan,6811.484079389549,3367.634839153059,8745.660276417379,7026.865798106271,25951.644993066257
Goa,9788.1264225269,4819.886287708784,18740.717733051853,12522.582775205832,45871.31321849337
Rajasthan,4876.514711788298,3254.6361079263856,8997.351621921842,12615.168452063981,29743.67089370051
Sikkim,6450.024454103328,3928.1568329802167,6316.236732590056,9777.7833513701,26472.201371043702
Goa,6004.6684432952825,3178.579049051146,10006.533907612995,9652.934792862672,28842.716192822096
Kerala,6179.138422365406,3574.0385330064855,11224.014204753106,9004.055222015819,29981.246382140816
Rajasthan,4483.382248233598,3487.6280809138575,13340.758505673079,10520.075303457375,31831.84413827791
Sikkim,5251.854681290926,2775.297610911294,8136.64467545339,8573.992861099525,24737.789828755136
West Bengal,6024.653315580985,3265.423757497202,7751.328819694211,4719.717650385819,21761.123543158217
Goa,6737.85762119491,4407.714183268662,11520.485674244917,9496.512357216165,32162.569835924656
Rajasthan,7324.55862243609,2508.7265393006182,10666.588756700603,11616.772213875429,32116.64613231274
Rajasthan,7977.249803948645,2833.9061774943975,9809.755098790247,12029.926322668622,32650.83740290191
Kerala,8135.889097397263,3626.0921012686376,6562.659157542099,6461.100229008992,24785.740585216994
Kerala,4673.210409277268,3532.770827156413,8916.782911289545,12166.707266791072,29289.471414514297
West Bengal,4597.263663237232,3932.0950102573543,8603.698251713176,5972.935707091656,23105.992632299418
West Bengal,3609.6640533216696,3522.075580501566,4200.295595253472,7973.88243238432,19305.917661461026
Sikkim,7962.417510791876,3901.545415462676,6457.304567468969,10262.776021696769,28584.04351542029
Sikkim,7635.004839621477,3405.081003069614,6037.704681028517,10683.623642465183,27761.414166184793
West Bengal,5159.828521122238,2596.104417278886,5190.733268328482,9674.49821335558,22621.164420085188
West Bengal,6368.133177505685,2210.729844501713,8542.172759396875,5877.517288172936,22998.55306957721
Goa,7604.789886360211,4563.647726689871,14680.690542342902,13868.051636412436,40717.17979180542
Kerala,6617.9284400137985,3488.298442951832,8797.796477638913,6421.808324053449,25325.83168465799
Sikkim,3445.622160580083,2096.3720247865926,8802.878212276411,9935.28634447515,24280.158742118234
Kerala,7276.352102484039,2920.100931801957,6926.953224029555,10693.844106597902,27817.250364913452
Kerala,4138.567418176174,4113.5996309685725,8923.592124600305,10244.062688409243,27419.8218621543
West Bengal,6304.270521010114,3000.8022914204025,6149.926070605299,5513.888416810918,20968.887299846734
Goa,8910.14043835193,3865.458272039409,15969.10690546656,13984.345176121627,42729.05079197953
Rajasthan,7543.7234887148825,3415.399210318588,14996.461626003509,7182.009243592765,33137.593568629745
Goa,5180.801902623811,3417.7654480103274,17694.48894082047,7429.078332166647,33722.134623621256
Goa,6515.641779726643,3737.4143417295904,13978.657030174272,12739.719924895297,36971.433076525806
Kerala,4815.562849554214,2939.626511974353,10965.318313644282,8828.330006629136,27548.837681801982
Goa,6800.682037357596,3104.7100403749446,11707.083633124801,13792.784159669409,35405.259870526745
Sikkim,3438.213733819193,3535.1352570358367,5152.318431544801,7683.779987407813,19809.447409807643
Kerala,8184.789115155314,3033.0088638077577,7226.6902347856385,6677.95011955399,25122.4383333027
Sikkim,5769.011203561881,3644.3597736328466,6702.057780571298,10855.095347289087,26970.524105055112
Rajasthan,5527.621553290118,4200.696002239791,11084.64605967648,9842.367421480501,30655.33103668689
Kerala,5484.907585371417,2623.9881093973163,9690.7748432472,6824.370546732484,24624.041084748416
Rajasthan,6236.012702524178,3814.7069643402574,14284.845737715374,11042.687990105122,35378.25339468493
Kerala,6502.971666803087,3144.5636083259633,9059.124057302746,9077.795469426503,27784.454801858297
West Bengal,5062.717710785992,3760.31347584297,6506.378223128647,7625.877893441919,22955.287303199526
Goa,9596.959866072088,3431.481358352908,10502.430098229821,10687.186705652655,34218.058028307474
West Bengal,4987.853931623321,3355.626400620088,4174.557763281119,8972.253902908038,21490.291998432564
Rajasthan,8960.790074116563,3715.504244505445,11409.279695330977,11806.939009781348,35892.51302373433
Goa,9257.12478872548,3590.6029551436654,14381.786132483445,12675.11057459509,39904.62445094768
Kerala,4542.5525717866785,2473.201807302345,11035.082369881791,6237.809641775236,24288.64639074605
Goa,9652.976073219581,4303.279520954553,11606.795847118452,13710.83089523255,39273.88233652513
Sikkim,3581.8319894273804,3477.1949162646615,5124.858310585248,9697.09086373037,21880.97608000766
Goa,9087.248542455958,3631.2546875267,14490.387679301259,12576.193328034396,39785.08423731831
Sikkim,4903.116467382901,3289.6652080446274,6187.392783761287,7540.879882827101,21921.054342015916
Goa,9389.871602225347,3790.2618152230066,10496.143733388375,14034.236449256054,37710.51360009278
Sikkim,7340.283450537252,3426.413766565235,8622.991434238145,10077.601201644004,29467.289852984635
Rajasthan,8029.627000588105,2898.430549788106,7892.74399965798,6788.133265704361,25608.934815738554
West Bengal,6160.121745228245,3780.430005272349,7041.597500038859,6446.668206436976,23428.81745697643
Kerala,5023.395695490204,2774.8191929311597,7686.298501001334,11704.662533720992,27189.175923143688
Goa,5404.596415256261,3735.571975512306,11734.96050355022,7377.573613579032,28252.702507897822
West Bengal,4611.920715060645,2116.1839041606995,5898.757614596587,9768.499717852297,22395.36195167023
Kerala,4367.622574932543,2423.0244246425527,10808.674657337722,10254.13797823694,27853.45963514976
Kerala,6974.755444512309,3231.7238054246563,8352.561461427436,9919.631843503637,28478.67255486804
Sikkim,4730.4986326889275,2535.185353455943,8753.848246055279,6893.91479541594,22913.447027616086
Rajasthan,8878.051004299574,4170.960451484389,8003.890374393206,7741.5425211742395,28794.44435135141
Rajasthan,7204.86038672666,2529.3867773099078,13182.171357320633,12594.407536420167,35510.82605777736
West Bengal,6289.922254537443,2758.1880973438724,5184.6666245332435,5789.634725404736,20022.411701819296
Rajasthan,4662.623363709242,3174.691093538185,12419.145039110983,11428.537077032996,31684.996573391407
Goa,9310.072411363113,3038.655261835202,15657.815548409963,10144.974385656633,38151.51760726491
Rajasthan,8613.785952566972,2748.7367980010204,14433.157737693498,6974.7784954929275,32770.45898375442
West Bengal,4948.247675275744,2827.2853498372706,5936.61258987657,4064.2917861721535,17776.43740116174
Rajasthan,7031.264688754887,3485.7291688948935,7529.321510675523,9809.801359106756,27856.11672743206
Goa,8824.049004514978,3808.579494509738,10191.55485551253,14806.23054839146,37630.4139029287
Sikkim,3874.1931363020626,3061.8753568241877,9134.292804863766,7583.953356664431,23654.31465465445
West Bengal,5010.26430585377,3190.263349811363,6623.678188307161,6143.154003958269,20967.359847930562
Sikkim,4993.315138861566,2019.8476422556712,8876.220259174746,7408.641324946095,23298.02436523808
Sikkim,3731.8699608112456,2928.1903189070076,6172.128000057573,8643.80686113401,21475.995140909836
Sikkim,4837.672111457658,3926.9984817751765,6725.418727566169,8084.654183970055,23574.743504769056
Kerala,3840.8615469274678,3238.0645602590976,6180.623233267914,11659.402387089101,24918.95172754358
Kerala,3629.059534747435,3555.0845349179062,11768.953947444672,9038.645542064432,27991.743559174443
Sikkim,3675.831445774114,2623.7277158337665,8339.339533504068,8554.304867319981,23193.20356243193
West Bengal,6852.460446356696,3547.982756305525,8666.025438796532,4830.22956832334,23896.69820978209
Goa,7747.647679475085,4545.84296375223,12654.964074290723,14861.916327283088,39810.371044801126
Goa,9829.1108057661,4042.5920953082777,16114.636112256609,8999.783126950637,38986.12214028162
Rajasthan,6162.48939165066,4452.0276465584275,12427.999746341102,6513.548472217219,29556.065256767408
West Bengal,4247.264532341038,2251.100429525307,5587.748501287942,7978.877493851252,20064.99095700554
Kerala,6030.70931420122,2233.895329779162,11088.65541009378,9667.564591098107,29020.82464517227
Sikkim,5197.558443164551,3540.316423514192,9735.807314501239,7906.019577949221,26379.701759129202
Rajasthan,4528.32342130872,4114.311074729765,14078.840941568034,8955.345637164746,31676.821074771266
Goa,8204.131573451032,3240.4144582411527,17390.669759393724,13280.51136837145,42115.72715945736
Kerala,4580.190912547998,2731.165665917212,7664.788078349724,6869.988480697543,21846.133137512476
Kerala,6597.9397744891485,2235.104726733258,7689.69625263379,11241.773232614229,27764.513986470425
Sikkim,6251.005461990767,2586.6172215611296,9816.801602230189,9541.229797265127,28195.654083047215
Goa,5760.1242656432405,4546.283747837343,10102.84495935692,10351.758190236194,30761.0111630737
West Bengal,3245.3985084426727,3035.9210554251576,7580.249866210723,6748.171699503211,20609.741129581766
Kerala,7403.807930342199,2896.1911863365763,10237.476975331574,7296.530450302671,27834.00654231302
Sikkim,5299.002118846601,2743.4785898126606,8113.447704748987,10264.800328878824,26420.728742287072
West Bengal,3232.6551820219033,2002.7072514309364,8950.544230434329,7077.248453831607,21263.155117718776
Goa,9974.331585848835,3599.6010551304717,13118.794357637253,9566.836341998749,36259.56334061531
Kerala,3788.902804981833,3492.917483275861,8039.831182759489,9672.35081032665,24994.002281343834
West Bengal,5780.140915434213,3948.388887632714,4394.6970147327775,9974.406712307939,24097.633530107643
West Bengal,6934.715701053654,3694.121653967799,6213.990682718688,6611.573677939323,23454.40171567946
West Bengal,3956.7204168637027,2047.1899292910582,5305.24263117424,9524.148404671716,20833.301382000718
Kerala,4211.246843435981,3997.121209349679,8060.320213065865,7915.117879471963,24183.806145323488
Kerala,4106.924697112145,3766.3968265972517,11007.430741533766,5883.128948474901,24763.881213718065
Rajasthan,5516.375737837978,4060.7522471419607,14483.876108219967,7429.694744579002,31490.69883777891
Goa,5505.229055053233,3915.991518007143,11857.330720051856,10349.561146621474,31628.112439733704
Sikkim,6460.80670847066,2796.0105859090054,6862.544657767329,6537.444500161983,22656.806452308978
West Bengal,3249.167192520251,2605.831457666385,8643.15281057697,4001.362229309533,18499.513690073138
Rajasthan,6547.110640748949,2631.3897179087317,7494.467685513781,12405.010764232691,29077.978808404154
Sikkim,7983.484269264884,2456.4707269873984,5461.802640556893,10907.155878616504,26808.91351542568
Rajasthan,8069.851347530094,2993.2072699560495,8302.327913649835,11196.04562040863,30561.432151544606
Kerala,6576.097191155055,3168.154139420403,9571.277004761248,6674.7021695222,25990.230504858904
West Bengal,4225.014483146447,3494.888813193388,4752.361355029987,4722.181457259916,17194.446108629738
Sikkim,6119.479181458192,2947.619656795893,9840.381907253668,5473.233246306682,24380.713991814435
Sikkim,5635.207319558258,2115.688898894321,7233.572636292602,10068.204321410449,25052.67317615563
Sikkim,5130.416919451857,3915.5796019764075,7507.589801750832,11501.655724815197,28055.24204799429
Sikkim,3653.551883700997,3885.4486381882243,6233.293079027033,8013.750746391259,21786.044347307514
Sikkim,7433.0210762023335,3570.3790862968167,7354.801262173667,5833.984703972337,24192.186128645153
Rajasthan,6248.923244106612,4482.655803128441,12295.309061096094,9586.749745124745,32613.63785345589
West Bengal,3778.4900472830604,3088.964665600526,7755.885684770214,6092.99144475178,20716.33184240558
Kerala,5338.796754386448,4125.536700506413,10523.208496259478,8123.774470449984,28111.31642160232
Kerala,5570.648762644635,2351.2100812335016,9467.34667616453,9849.31436908995,27238.51988913262
Kerala,7637.689477834371,2931.3614965227425,11426.158649963143,10531.026792835417,32526.23641715567
Kerala,7168.071902807011,2650.7625360135316,10904.447083836656,6274.225192112126,26997.506714769326
Rajasthan,7846.524468206699,2891.66616826854,13056.384917589003,6249.131615645335,30043.707169709578
Goa,5055.156322143236,3281.605897785352,10556.055216804607,14954.642421485718,33847.459858218914
West Bengal,4664.615992719046,3244.827283131993,4034.3898110982464,5396.370093493311,17340.203180442597
Sikkim,5406.720758176618,3562.64371149461,6062.236385977365,5376.813674359213,20408.41453000781
Goa,5095.961384115283,4156.596798840721,16635.235939134524,8519.00263276736,34406.79675485789
Kerala,4799.066043725171,2493.9254191764194,8467.184933295275,5772.704924439249,21532.881320636116
Goa,8801.449115610674,4622.247539866942,14024.062592993118,10134.487156937374,37582.24640540811
West Bengal,3548.4388229159963,3271.909414327457,8422.934441148069,8814.410706707946,24057.69338509947
Sikkim,5676.550657262958,2776.331412253991,9477.814240659194,7388.711148304044,25319.407458480186
Sikkim,4076.0093600861874,3348.260591072126,9545.87632026793,8109.283848148566,25079.43011957481
West Bengal,3048.483098575573,2519.8099584856654,5569.390382575137,8053.520641404633,19191.20408104101
West Bengal,3964.805830398166,2690.384416988421,7455.279063696309,7053.364420419281,21163.833731502178
Kerala,8379.368774550268,4034.9716862639807,7629.799087646218,11530.11980214927,31574.259350609733
Sikkim,7007.685559414947,2581.0090113428405,5953.049165372249,11062.249725320296,26603.993461450333
Goa,9797.883221605167,3939.976536315873,11846.324573473692,7079.285563929229,32663.46989532396
Rajasthan,6439.270219631812,4280.282274792029,9736.860966908753,11446.324145382394,31902.73760671499
Rajasthan,4548.680993387517,3915.442700535055,10439.660958238574,9225.135201691717,28128.919853852865
West Bengal,5191.837955894772,2124.4064523294055,8154.7458552753415,9933.043247821977,25404.033511321497
Kerala,5771.886672799805,2494.606088557941,6719.346560836273,8882.624531128045,23868.463853322064
Rajasthan,8221.785413698079,2515.6831815438336,12879.406779159153,12908.271617718083,36525.14699211915
Sikkim,3490.412903921223,3261.843580458327,7657.274570946527,10281.985528440156,24691.516583766235
West Bengal,4952.964548087113,2895.3468508208366,5439.726713379962,5491.629307679837,18779.66741996775
Goa,5750.243323469921,3268.549701804551,14928.195845328246,11307.15983429566,35254.14870489838
West Bengal,4298.70370756024,3915.868242113541,5499.7103488851135,9952.813836871497,23667.09613543039
Goa,8686.785386938998,4059.31944789124,15960.81955238306,13860.244862015388,42567.16924922869
West Bengal,4904.072517475066,2483.7865882257784,6169.21961427622,4584.201362747326,18141.280082724392
West Bengal,4503.553140583077,3001.207142309415,4822.027645394393,8238.231980859977,20565.01990914686
West Bengal,4577.905114280142,3359.2406654702154,4582.915372778483,6073.4775152248785,18593.538667753717
Goa,7297.233842029933,3152.478435947129,15466.956820721301,7055.858095042785,32972.527193741145
Goa,8925.082719185284,3549.407630095784,19024.130332861034,10227.847752215997,41726.468434358096
West Bengal,6568.338755760938,3613.9309817679873,5719.788432788428,5408.526530349827,21310.58470066718
Rajasthan,8776.673432519641,3419.329740805322,12864.000857780986,11732.0848936433,36792.088924749245
Kerala,7434.516931276476,3293.15428406459,9951.9681296386,7861.314261920359,28540.953606900024
Kerala,5077.034478740064,3065.632004418939,11589.329485856886,11292.665857676719,31024.661826692605
Kerala,6940.67353043271,2287.79988528601,10925.886103794845,5504.185571843567,25658.545091357133
Goa,7188.015620276959,3331.499559640312,15666.05258905463,9462.553200208953,35648.120969180854
Goa,6273.353110230256,3891.083277483782,16570.304982341073,8929.321714462096,35664.063084517205
Rajasthan,8204.357897129612,2918.3709308158554,14187.09173267228,7634.971527480277,32944.792088098024
Kerala,3692.131744811625,2299.9580573193575,8397.112707521608,5977.3063383582385,20366.508848010828
Kerala,8008.8099606771175,3887.2993281036474,7960.768235146665,6809.869892873512,26666.747416800943
West Bengal,4845.909858498937,3962.385058328232,4054.0554181759817,7333.29741931372,20195.647754316873
Goa,8186.0073840414025,4586.285747993479,18265.510741914644,9330.888582701955,40368.69245665148
Kerala,6796.7696110289135,3907.5698434093338,10805.88420242019,8421.763476304035,29931.987133162467
Rajasthan,8475.588703532681,2983.9542606340906,7835.636144801211,8638.06816243032,27933.2472713983
Rajasthan,7183.348410836037,4421.2539510264,11614.8590490616,12131.334474999261,35350.7958859233
Kerala,6569.667923800309,2593.8514089068567,8783.890189001324,11837.09299307361,29784.5025147821
Goa,5333.26020280345,4902.859620723664,11187.090955091115,10943.655773246881,32366.86655186511
Rajasthan,6592.04010972602,4489.638587931902,14844.545816485788,8311.09165220923,34237.31616635294
West Bengal,3600.676003268167,3423.4456114920977,5073.479437316777,4640.804224014182,16738.405276091224
Rajasthan,7687.168843607427,4462.287463583643,7537.873440724489,12673.820155674664,32361.149903590223
Sikkim,5561.109604063373,3139.0795591342076,7974.236897509548,5421.5886143020825,22096.014675009214
Sikkim,6401.138896041766,2519.0835663521807,8694.333385665162,7083.551942977963,24698.107791037073
Goa,5208.364503011921,3873.9917713312416,10324.43446047187,9384.529609360034,28791.320344175067
Kerala,3923.960080229016,3387.1218707575717,9952.305832362134,7742.809002981505,25006.196786330227
